annualized_return,annualized_volatility,sharpe_ratio,weight_SPY,weight_QQQ,weight_IWM,weight_EFA,weight_EEM,weight_AGG,weight_TLT,weight_SHY,weight_LQD,weight_HYG,weight_VNQ,weight_GLD,weight_DBC,weight_SGOV
0.02076704128719431,0.09270950410469657,0.008273599288462294,0.21060892383889124,0.06354166418780083,0.0761951721538278,0.13279668559565275,0.0,0.15441962103822957,0.0544239725346788,0.01891397929206836,0.06934768621889592,0.020124810328811193,0.055727279604583894,0.052174361163113636,0.0023089344331845185,0.0894169096102615
0.01531216604847696,0.09393318327189082,-0.04990604798257548,0.20480633010129257,0.09786609313264588,0.10626740526986386,0.07294580150750757,0.027274481612234412,0.1682994550496476,0.06085596208578823,0.05911662612368659,0.056138267211291455,0.01751414398215371,0.0,0.04062554586477731,0.022122926234623766,0.06616696182448716
0.02257000995173608,0.09644314392709744,0.02664792796135703,0.21497422365856028,0.07095392536170816,0.039770203504737825,0.1460956352892262,0.040527901798526576,0.2266601870215141,0.01883841780755042,0.02597492647683338,0.03975529320192302,0.03884029306921478,0.057215172312590476,0.0008564262989185653,0.01845690853095041,0.06108048566774585
0.018434627475192755,0.10284605934494169,-0.015220539656818998,0.1930204403764521,0.14472961673564158,0.04878002749015459,0.12015912635419071,0.02907926888710333,0.15762369370553644,0.01450260775531855,0.004127992743352612,0.12918971694074938,0.01900026668055901,0.04859005034139861,0.0,0.029151153246284506,0.062046038743258584
0.020405300305540885,0.09184533817622861,0.004412856586833111,0.19395064242251484,0.09731776216720014,0.026737475930258738,0.11413994549073868,0.03364155023795076,0.15701331566552143,0.005205031948636907,0.03558152055717236,0.12367262611206552,0.05489152108506564,0.020582117485984087,0.034558062512274564,0.04512784210643566,0.057580586278180815
0.021667173629173142,0.0955733567878648,0.017443916225246856,0.17868173599885107,0.11170711542672551,0.05234775343285764,0.12381141202471047,0.04542785231503883,0.15575251259352235,0.0017026851000335739,0.07068858094722849,0.10494944833263543,0.03520384233245394,0.009331824151383875,0.060395237344558705,0.0,0.05
0.020501916806494824,0.09870530352737555,0.005085003424923556,0.2548684929014614,0.06212142404571855,0.03930302163106472,0.12071903809916142,0.061890637507851835,0.18495590964208625,0.043004988480105574,0.0,0.058518947847985905,0.03860186613629753,0.031436463122480655,0.005279796389909316,0.01566212225227419,0.08363729194360285
0.01687873394030981,0.08977293002126531,-0.03476845479980245,0.21700282574169222,0.039560194941208326,0.08297757498174296,0.11610465905528236,0.011821739410581183,0.18377363327946508,0.05944591910167142,0.03247393107413608,0.06034517627201417,0.04650540393887254,0.0168556079418749,0.030445873482135122,0.052093054058838434,0.05059440672048509
0.019876073579830456,0.10493634406863343,-0.0011809675786731337,0.2009786637851154,0.11632913357226554,0.0660539904922915,0.08354969618182705,0.08041366833006694,0.19733725372037872,0.05719713004858462,0.014208844293754932,0.052380840949138446,0.018532435200875753,0.04318806986573872,0.0,0.019830273559962305,0.05000000000000002
0.023683516755094836,0.09900212567071215,0.037206441075280185,0.2029584080950376,0.10915488718432886,0.0252756928702039,0.10818761939010274,0.07359194045054167,0.19896563240879503,0.04901051395370824,0.033228859166594106,0.03349907394759949,0.03775442482676087,0.0165560796832114,0.03235041234150459,0.02946645568161157,0.05000000000000001
0.018689084985520577,0.100439425429194,-0.013051797228804037,0.25719250832495333,0.08912153504009065,0.05963566789286426,0.14712335593898374,0.007139654888891479,0.15961480420357424,0.0035698274444457396,0.009292402804423871,0.09049481703367165,0.06909988961222138,0.04098415465688617,0.0017849137222228698,0.007139654888891479,0.057806813547879116
0.023800118186434904,0.09917188457565797,0.03831850330055797,0.17936467291126282,0.10178642048554973,0.06538719949379862,0.09193029184895855,0.06717276493158796,0.20087843233422925,0.06011181673401485,0.004679391005066382,0.05586890957807494,0.04988297257513414,0.04710444563056146,0.009837720458274354,0.01599496201348686,0.04999999999999999
0.022851617620800235,0.09475397736869079,0.03009496487629747,0.21509045674947502,0.0829387862895019,0.03320689080978035,0.08205319288302049,0.08649803017812696,0.23972209006662318,0.03833902234535588,0.02603792058235242,0.07873416221214458,0.014919173832053266,0.026806328446115534,0.017619689898646766,0.008034255706803762,0.05000000000000002
0.020230686179621538,0.10748564499521764,0.0021462045432373887,0.23856252575420475,0.11457153130598,0.042402577356011675,0.11667203520518583,0.041625034587683574,0.23337043298636126,0.0013967935638594454,0.02087735118020783,0.0031121727576280105,0.0009311957092396306,0.07485145831415699,0.05650531487866311,0.0027935871277188907,0.05232798927309909
0.016855554436161047,0.09823988628766722,-0.03200782984043111,0.14999999999999997,0.07731415701625138,0.12861992219361815,0.11000825273122306,0.02903897008109871,0.21327934122282557,0.0,0.01870724694023525,0.07015733450312996,0.044860767765164324,0.05029500566291252,0.03538583917415658,0.022333162709384378,0.04999999999999999
0.02770365378020001,0.09362768055536709,0.08227966061430332,0.211421149490551,0.11844125574256813,0.01210323242459877,0.05199724699680799,0.07298438332841746,0.18266521734617652,0.07478069428816878,0.010946437214770687,0.09121994135424795,0.041188553751627395,0.025676280421906016,0.05657560764015931,0.0,0.05000000000000001
0.024807227956397115,0.09849895953677286,0.04880486026456372,0.19157116709302055,0.1274053697752446,0.018852887438953247,0.12719365790222323,0.048038772833251475,0.2439331209343807,0.009426443719476624,0.021167850768905396,0.029136887736206794,0.02604141121536623,0.05040537799964488,0.022263425611912014,0.018852887438953247,0.06571073953246105
0.017860680897431758,0.10395372766591593,-0.020579532361201483,0.2067460732430494,0.04935416892644302,0.0969875961144916,0.14373951772597363,0.04144346404954564,0.21281584627230424,0.000163173858211172,0.000326347716422344,0.05997912301990046,0.012570555821842066,0.050275829105042094,0.075,0.000326347716422344,0.050271956430351955
0.024046651731267188,0.113639951306169,0.03560941099283552,0.20837268584134622,0.15659564512496923,0.00763805857686889,0.10884757313637537,0.11401338122514507,0.15021577040191952,0.005370921952460035,0.0155834825764632,0.05213646326625505,0.07847205696717699,0.033841502560444624,0.00010788520095975551,0.01844495583308368,0.05035961733653253
0.026014571473996106,0.09431887408210382,0.06376848252832694,0.21795107950032153,0.0982854632960029,0.025836819550095837,0.13664874131501265,0.03133421736701228,0.19632893605460988,0.05383979831612208,0.007532149369168724,0.07837800590142335,0.02839084547151562,0.009599186878129447,0.06587475698058562,0.0,0.05
0.017786813032824256,0.09670852764288346,-0.022885127311093,0.239561688998296,0.15930623961566026,0.03015246458069649,0.027117560563910646,0.03294539337531964,0.18366026505665844,0.0364977998263894,0.0,0.07600895296161173,0.057549120464036624,0.0,0.04164945694811465,0.06048410082962584,0.0550669567796805
0.022816307835337613,0.09336195905957939,0.030165474929037976,0.2455008994540986,0.09991184351276185,0.01596234655025334,0.10473879004768125,0.033397705994443354,0.19397638187866595,0.05261714900740242,0.01596234655025334,0.028698555282858886,0.068634989914714,0.022310441952391725,0.003990586637563335,0.041970293373176884,0.07232766984373508
0.025542126416502775,0.09619254726844936,0.05761492520866596,0.17026693324695671,0.04367925267806959,0.06421189681334909,0.09092779914945176,0.1080749547548677,0.20242601661335494,0.05150481369491336,0.019572696670861492,0.0798764232402421,0.05823635031232138,0.05575094079080991,0.005471922034801916,0.0,0.05
0.024780507693464626,0.09815379551115559,0.048704257115776035,0.23610118196341445,0.08849107330738736,0.013475076107318615,0.09486365665473642,0.08394005301903314,0.16533342854886854,0.017548479179232353,0.0479602395444391,0.060250086156855544,0.0703317965349294,0.023735964400671727,0.04796896458311332,0.0,0.05000000000000001
0.02347265608388338,0.09043974458327042,0.03839745567487763,0.1985000330512616,0.07071348759615478,0.016412284129290196,0.1281589283434065,0.05206556192160739,0.17164837953702625,0.05228865878878461,0.08209182302475178,0.016412284129290196,0.005470761376430065,0.016412284129290196,0.07499999999999998,0.02576174044839269,0.08906377352431362
0.021496866268256642,0.0938280942710648,0.01595328435353561,0.16253530855759127,0.03064494515099525,0.04693979745425636,0.11639587417816594,0.0991325980342117,0.20976131414219376,0.03247469501494027,0.0,0.061807233536892506,0.034700976730830044,0.0,0.06584503060711223,0.054854085100868255,0.0849081414919425
0.014469106626320283,0.10130321717471938,-0.05459741090098345,0.23515398522715175,0.11370785727794638,0.04540869610110238,0.11347605241856218,0.03885109505016152,0.19399512561042254,0.009037055264796603,0.03382177786589265,0.05556496052859353,0.0033958208944876913,0.017882325594861654,0.017112855880704412,0.04847704204072174,0.074115350244595
0.02049403128825711,0.08838786043601313,0.005589356794248386,0.20124213150896564,0.11032383511889475,0.053646673151185945,0.09380294290804138,0.014547462417294696,0.19560277978771518,0.02495212604108814,0.0025347774968006278,0.08968491234238218,0.0640010196473459,0.0025347774968006278,0.021164781400608654,0.03708987316553818,0.08887190751733808
0.012722761831958751,0.09660568932652898,-0.07532929187476788,0.20054911091546002,0.09488316448401528,0.09153152835233243,0.006383486852135353,0.06319139059451567,0.2535584090237949,0.010417826840235254,0.016532452602096057,0.04319334881751589,0.01850279347236014,0.013439126612349543,0.07417982697777596,0.06363753445541355,0.05
0.022221160878236335,0.09164887530671896,0.024235549763189472,0.21144888098846606,0.10424476132049379,0.06626428793690921,0.11647609070938306,0.005646737736824172,0.22477316052535484,0.01815850693177668,0.005646737736824172,0.07232325257692233,0.053825132557074176,0.0063603326989168825,0.0544797657635435,0.005646737736824172,0.05470561478068681
0.020051845760835407,0.09783138606214517,0.0005299501818616062,0.18285872123768215,0.10394169181620454,0.06639949695855411,0.06846223074752769,0.08155830652806581,0.2049077355939613,0.0041453883016041165,0.008290776603208233,0.07593700273558548,0.04386167222265626,0.0290802084345867,0.025429476356498858,0.015967196591393878,0.08916009587247088
0.027656894579672242,0.08925210955411458,0.08578950814635679,0.18373723644728135,0.12665538837517393,0.03364204537720408,0.08741375611737084,0.03197044708021971,0.19020109550734252,0.03833849599762579,0.03488781071909372,0.08459092161776434,0.07635540773372176,0.027363260592283403,0.034844134434918475,0.0,0.05
0.020807623098838324,0.09520602676903506,0.008482898890398773,0.19178573854374328,0.0755577883910558,0.08383047282869843,0.10188224679761973,0.041867004393055345,0.19698792610602414,0.05843529862184845,0.05327535370388218,0.03680950573443477,0.014131515791984682,0.0652686312006108,0.011005738319832757,0.002037172225473986,0.06712560734173577
0.02304169793996369,0.09521786326117292,0.031944614548014186,0.19062560263920275,0.09887696141893595,0.06762715921883082,0.0917445104733124,0.048033939959852945,0.21938084499772859,0.04217971710082382,0.0039384873639909624,0.04884074009169642,0.06353290863438277,0.022095138673014412,0.03248279727686863,0.020641192151359556,0.05000000000000001
0.02270147894813257,0.10220091785596516,0.026433020415138002,0.22823130076011997,0.11773583744354532,0.013810265260958153,0.15166769284424253,0.03888678637553231,0.15359564163344153,0.016697338543329842,0.0071912832668830405,0.07729561079438936,0.041843535448814445,0.02008548710469729,0.04736819655930392,0.018801771242221068,0.06678925272252108
0.022062625073472786,0.10788824026403698,0.01911816402255596,0.18160919801509873,0.1528941483324071,0.06281792648207458,0.09657552210403393,0.06931006314579308,0.20390382235860188,0.05557047443689896,0.02075512955275651,0.02601783924957329,0.0017752157201102426,0.05233953644008727,0.016375025529441777,0.005325647160330727,0.05473045147279206
0.02744747977677875,0.08778452786230849,0.08483818228720494,0.20167378438309666,0.07059105535150863,0.017953129994236646,0.09489823807770802,0.0698996743076641,0.19469311509381884,0.05582746336615782,0.0487827338341788,0.07274288705714772,0.04747125958128153,0.03050532492906562,0.028676666892130328,0.0,0.06628466713200531
0.0207686120816708,0.10542953458126053,0.007290291897081149,0.15240144316377804,0.06807660584516716,0.09017729236498218,0.12203569860479069,0.0962449182751944,0.1881847111924853,0.009120343282460074,0.02035507621423514,0.06937994902626388,0.04975874819051844,0.06099423945012181,0.011651673696793916,0.011619300693209095,0.05
0.026199280300299055,0.10126881090458226,0.06121608662058998,0.19276797502647827,0.1403083602543433,0.05043874011159314,0.0979606496144581,0.04534499597925015,0.1984788174335921,0.10652334923854033,0.0,0.0,0.02996658924666476,0.02466686575172539,0.04753191104351117,0.01601174629984332,0.05
0.02354933025243211,0.09852220584380188,0.03602568803685998,0.19617339890949573,0.059043909478853615,0.02880086422337047,0.07594582795758978,0.143665966816447,0.26478552163627445,0.04093022825688807,0.030474040002387164,0.042393581319251986,0.004668648255630236,0.033938961546122665,0.0035014861917226766,0.014005944766890707,0.061671620639075594
0.0196036737512586,0.08910894248307089,-0.004447659659036985,0.17538252286261022,0.10835704530932583,0.06665892622202049,0.11599453515748825,0.008580642582192988,0.2310491665528692,0.024065895698231407,0.056164393135729435,0.0733589316660394,0.0034165310018694434,0.018566437115005614,0.03839044910206865,0.025965334002085227,0.05404918959246369
0.025630299863893757,0.09575867425296718,0.05879676079286673,0.15687738118829717,0.12332911590128778,0.040817827824878895,0.12231490624358292,0.05424802097946539,0.2152057183785004,0.015560996655185578,0.040728136183587324,0.0804691499008343,0.025123045196543,0.03756483580932187,0.03776086573851539,0.0,0.05
0.02172806547454109,0.09197224248555072,0.018788989241102592,0.21505068985428435,0.07916113069326491,0.059596772068923484,0.0645704924633998,0.03694774645184249,0.18518102150721863,0.015875176757039047,0.04070442720713905,0.07100785658522528,0.05417862301650293,0.060317552786248764,0.05741335714582024,0.0,0.05999515346309092
0.032518366155275036,0.09939396133512865,0.1259469487594584,0.17816036891741321,0.10076874507770314,0.0289947591488332,0.1566267794924853,0.06269913933113512,0.19234851791056315,0.0917323253843976,0.0,0.0,0.07781675224197303,0.027103299496558608,0.033749312998937714,0.0,0.05
0.025906896083617292,0.10278718869416911,0.05746724040865199,0.16170542538696564,0.15266454040430136,0.051865738056992496,0.0627813409300221,0.06927098130394399,0.18898395627693654,0.03473710328648849,0.041938258836074806,0.020922147129534645,0.05262754791182901,0.07762482180619897,0.03487813867071192,0.0,0.04999999999999999
0.019464316061775344,0.09694859756082454,-0.0055254428810955596,0.22603443824012784,0.13313421594940633,0.05102431635180017,0.07285107749789549,0.03096647396346485,0.156073705278405,0.0620065351820915,0.03813022552840213,0.06453699475181608,0.004049136852269983,0.01214741055680995,0.06466553820975425,0.01214741055680995,0.07223252108094665
0.024678967048780143,0.10047572900992009,0.046568132372726376,0.15107729736193684,0.1221534671094585,0.0365263069311143,0.08949090276865981,0.1067558680104917,0.2337421018000882,0.03190450142674693,0.00750470382541848,0.04761352501222725,0.05512084534283314,0.01731881058283456,0.009072022743797679,0.04171964708439263,0.05
0.014373742204382811,0.09902154091564835,-0.05681852396550691,0.2302131926929196,0.08106952366988887,0.0897603829897631,0.05804104643189419,0.07131338244920044,0.21011583491218547,0.03343538337224586,0.04035592667964628,0.05857847400861817,0.016093649116140352,0.024456179188249536,0.003088116413760596,0.02318518669628563,0.06029372137920199
0.025301460733230696,0.09780191395536439,0.05420610414281073,0.22114649729566618,0.05569488939189397,0.02865992290658452,0.07420404885003132,0.09152673059036301,0.20846016982739954,0.04044465090533378,0.04506548462505635,0.0,0.046048501910262336,0.09013347189042664,0.028139945608641602,0.002257264535693794,0.06821842166264702
0.018687648791546385,0.094647179286489,-0.013865719172477812,0.2266884224719399,0.04839280776755886,0.05472161687996852,0.09396323787221617,0.06562413575213955,0.2010963979275269,0.0023134057993203405,0.004626811598640681,0.07456116468133973,0.08622313698347343,0.004626811598640681,0.03768494418873391,0.045621430146300844,0.05385567633220058
0.015754356270478942,0.09025445763273791,-0.04704082037473837,0.2260937123399789,0.09441043318531005,0.06734380462469557,0.05653876094061182,0.025401455393169788,0.23867006543857106,0.026911364877928397,0.03826779347283956,0.045057696226332405,0.009063085918096651,0.04271551650863127,0.006350363848292447,0.03751032208767891,0.0856656251378632
0.024981162543985302,0.09025692567566719,0.05518870166135293,0.19970964513688222,0.08796528199451752,0.08542487482681987,0.05084987908338075,0.039031761445107456,0.22277801189329363,0.07652451766569981,0.0,0.04795427088213319,0.079183621646768,0.03473338824845733,0.025844747176940033,0.0,0.04999999999999999
0.028279301172197124,0.09535777930499029,0.08682355265129219,0.19804507677852054,0.11823693297392544,0.0,0.13182358622629428,0.05345842832490401,0.22428836796519203,0.006185593000282993,0.0007816764101966331,0.06360409882017588,0.04183685941128596,0.029560878695826968,0.053315190346903026,0.0,0.0788633110464923
0.019359164805134554,0.10063386917233882,-0.006367987240637589,0.20962577777205868,0.10394643247256066,0.0645243800400979,0.07795922710451773,0.051781664999194614,0.15290835884656,0.0565765296328786,0.05068037778534645,0.06665413481633924,0.001938905897706652,0.06425977182786072,0.03848045636749231,0.005816717693119955,0.05484726474426664
0.025448157953662953,0.09613986459761484,0.05666908286656894,0.15851520639854608,0.1172409391446351,0.037834484463552705,0.18337355637792357,0.004659790772744393,0.20856972124492057,0.01268811069550214,0.017192998600279938,0.07844530622437791,0.0015532635909147978,0.037431640277992055,0.07500000000000001,0.004659790772744393,0.06283519143586647
0.016321575708659664,0.09861146917193075,-0.037302195396023786,0.23804230636836254,0.10122369968956764,0.0388143324162867,0.026428508229039877,0.08013535930596803,0.1995570845498172,0.01913941268478423,0.0434175961314276,0.058045559355661636,0.033822915255993014,0.05480795818553787,0.0025379583202741708,0.045567448439699,0.058459861067580575
0.022604972564249648,0.08993297618958708,0.02896571062830305,0.15983294102415196,0.13828650573638954,0.07164093011252627,0.09452538740519968,0.0,0.1642514222622497,0.06775329599645381,0.06627083291412597,0.09953846881428403,0.0,0.032521530605934455,0.05537868512868451,0.0,0.05000000000000002
0.02577972574609322,0.0899323568152085,0.06426747781078729,0.21374752135771702,0.09916660654631304,0.013813018821443635,0.09372977440243234,0.05058261783359907,0.19966042692092115,0.035790884547823684,0.02764021401711405,0.07926424863725787,0.06707505703580437,0.027497586690267174,0.013624614285762534,0.0168965798856744,0.0615108490178697
0.02219838426518006,0.09488886074770028,0.023167990930203462,0.21435552937753294,0.09647148940892122,0.049585770036782995,0.12893611500627344,0.0,0.15,0.05749206813830462,0.028706803709224262,0.07329051508408334,0.03263844668653405,0.04655896433570859,0.05561940443893563,0.016344893777699005,0.05
0.025499813994070086,0.08676933747732646,0.06338430318783099,0.15,0.10661665986601004,0.07791963792813007,0.10295109431543721,0.016138681467113097,0.21181020178939147,0.06730027746299859,0.07102994075138166,0.03304271389770581,0.03534260494427873,0.04297024782861564,0.022688093447415684,0.0,0.06218984630152189
0.028676248961989836,0.09038261587784606,0.09599466532055194,0.18426690673199977,0.11548502929074232,0.025831885657817,0.10136839682016938,0.03706374481910858,0.21894878598000467,0.06248329599515051,0.005422501255064832,0.060108580586251265,0.08114640961744245,0.036355742742437205,0.0,0.02151872050381202,0.05
0.016492766323684904,0.09195347514876527,-0.038141393467087364,0.24023316822809948,0.08810076582886747,0.029974870639048013,0.036507634785873794,0.05836443243229671,0.18785385869371132,0.010231721985037552,0.06319121825132176,0.07101393710983427,0.018328029402668075,0.025672109932673378,0.06334859847670052,0.040126784258805163,0.0670528699750626
0.019909214843653933,0.0893634022055925,-0.0010159098031787563,0.22171473999817437,0.059509590092334655,0.0512793049282959,0.10521205637305557,0.03371241025903642,0.2152908860131767,0.022759699401256616,0.04799201047386612,0.08943895463248444,5.8807063821046275e-05,0.0667979196141465,4.4105297865784696e-05,0.00017642119146313878,0.08601309466102275
0.023963260259742825,0.10021489021699802,0.03954761863392824,0.17860101104896284,0.07722221762489989,0.030446518293588357,0.17120238012710168,0.06164728888398617,0.2121530118063394,0.005849930947996154,0.01853381516977341,0.0862116015473284,0.017489930489489037,0.06626758177721749,0.002924965473998077,0.011699861895992309,0.05974988491332693
0.027519449989023448,0.09148601125738698,0.08219234706679043,0.2046663817235513,0.09124843895433082,0.0006979346799229512,0.11680694189736525,0.03916368982134741,0.15932267931676702,0.0768188539751034,0.04352041993560568,0.021585543270223558,0.08385656298095484,0.04029970979946914,0.02066488682101323,0.04667259919949254,0.054675357624852865
0.018083197936058504,0.10432313921016934,-0.018373700009926927,0.20311432196683743,0.08594186907609438,0.07968186964181964,0.12006164275305838,0.060636332027186386,0.17752966499641698,0.05842038469809062,0.038611005735951144,0.03455393293817429,0.0040573495967712895,0.055135520957693265,0.0030430121975784665,0.01906971942239937,0.06014337399192823
0.017326887737308727,0.09277869655005613,-0.028811703139729614,0.2246403512028492,0.06446373254262538,0.0569468647504443,0.0670970285228739,0.04206318205325041,0.20905646941092107,0.026345833407840864,0.05055529767334884,0.027444551627473484,0.046995300641578724,0.04464333687274143,0.037481471343353376,0.052266579950698916,0.05
0.030817137610194223,0.08910541820623677,0.12139708031174581,0.17884931258858,0.061630082532467816,0.0,0.15997478636327514,0.059435826127088504,0.21316752306349115,0.039108966648156905,0.02390351873844289,0.10356001139327947,0.04877435285715752,0.04349060643492896,0.018105013253131692,0.0,0.05000000000000001
0.019894977979667328,0.09233812514617193,-0.0011373635772485328,0.2061840107508154,0.07610308960409716,0.043684809387956,0.08684636220018241,0.04814916449093455,0.21447869405657236,0.058110415576837146,0.026404166084825178,0.03488510712937442,0.04383048563889493,0.020103327416240397,0.026583075430927722,0.06463729223234224,0.05
0.025644364210710258,0.09668633969953319,0.05837809382639716,0.20019608474643902,0.1064639950087999,0.04140128715577378,0.1408901773444565,0.028490856906741056,0.1975328664964318,0.017079500330594945,0.013712568191085609,0.06099199823297787,0.06169554439929018,0.028025698881189987,0.053519422306219366,0.0,0.05000000000000001
0.02343338745586987,0.09842301081388291,0.03488399132965335,0.2440684379335577,0.07595726145133241,0.006677063879142208,0.1342143437853413,0.07148069075274466,0.1805043829231093,0.0027389521788941927,0.009344176925060173,0.07232003237976409,0.09096653917979027,0.005477904357788385,0.02300880391990916,0.02867649003540931,0.054564920298156995
0.018854151062616564,0.10160360222717357,-0.011277640873612474,0.22906887182273958,0.05377611676217526,0.056533640966892736,0.09966709182934745,0.08070012000868665,0.21356367598843162,0.0,0.002323671026008178,0.06865999785862123,0.03961191164514733,0.03827303852760245,0.04828384340583646,0.019538020158511065,0.05
0.02441359039908253,0.09146335404616632,0.04825528699565031,0.1532753985568866,0.08877346031180737,0.06971366939897992,0.06485133004870945,0.07707115533639036,0.23328311608679056,0.056526983895694494,0.0065507971137732076,0.03126597647403295,0.1,0.012293771387964999,0.0016376992784433019,0.04884040595158321,0.055916236158943554
0.014841151081566029,0.10166070020283673,-0.05074575433909927,0.2819201743802078,0.06947469387798556,0.030371987110545538,0.0841099803075715,0.03093837817991758,0.16775659123014713,0.0,0.013928409660293146,0.07812026648463023,0.03083947501570143,0.08736234833962354,0.02399177792788987,0.042566607194506986,0.05861931029097972
0.01812610294863859,0.09224202169037013,-0.020315004127419746,0.20454073598769293,0.07585912505627536,0.06765911170489224,0.07045815770556706,0.04655215762905395,0.19341300575176698,0.02757987692017271,0.030526778296006446,0.10241628374776915,0.028012543008532585,0.027421807347928158,0.04769794784234496,0.027579086265542875,0.05028338273645477
0.018846378880126302,0.09621927454272458,-0.011989501327631106,0.22080765831781218,0.10575358509285754,0.08309331242119924,0.07620812265145481,0.0,0.18543098213829737,0.06401388991851373,0.0,0.05210799326901744,0.021053158819083304,0.06332834450423479,0.04182456251397832,0.01861693374507714,0.06776145660847427
0.02159797717879175,0.09029656803268678,0.0176969868690169,0.24014044969667178,0.08980388970911278,0.023529081071087542,0.12875619499631477,0.016038252234208655,0.19336760848014686,0.04762722848918315,0.08913907054136544,0.061418036399936676,0.001580946476337899,0.04672404048223529,0.0017114990269732622,0.006211336205581199,0.05395236619084475
0.025561404179290648,0.09217475853596759,0.06033543529295526,0.1915335916998862,0.1294127217739292,0.0030477328315602907,0.08310424721369147,0.07623788175806061,0.17974129321210466,0.0015238664157801454,0.05590467912096485,0.11124556979219975,0.048949122097774404,0.0030477328315602907,0.04996587576929002,0.0030477328315602907,0.06323795265163795
0.019748901709981448,0.0965003667594078,-0.002602044929472488,0.19018276412503163,0.10195880855726783,0.08628119775772693,0.08071370644453271,0.0554727913783673,0.2104056328544782,0.08974692253491948,0.030691350556338915,0.027618207598559666,0.007505231043197801,0.022515693129593395,0.005628923282398349,0.022515693129593395,0.06876307760799451
0.01836152686782877,0.09612055762930945,-0.017046021918537234,0.21163922733126886,0.07250986694265975,0.09130573432017426,0.05559504811962297,0.046313023654449656,0.18918702666920484,0.03737298388685837,0.020900379468768198,0.059286575282181106,0.06405360696515001,0.058862190112716144,0.020034190930955965,0.02294014631598998,0.05000000000000002
0.018267619567169824,0.09428855209889599,-0.01837317886707119,0.2060662210719888,0.05352735427123091,0.06436183754512548,0.1294727741213714,0.03337841058286181,0.15,0.022495155431107708,0.05337065839983718,0.06522652730983103,0.04285673016087073,0.044018382559920535,0.03062563277873903,0.03111069185180966,0.07348962391530563
0.02005676598143058,0.08789203758822084,0.000645860341712992,0.2276121248055819,0.08460096713159321,0.06139555164584363,0.06708267958025316,0.021758609042879566,0.23248064480836367,0.04326874724293843,0.04372246847937178,0.05586874080906984,0.022151767951421365,0.019079474671620893,0.05637165071654525,0.014606573114517222,0.05
0.024134238849929712,0.09847315825507653,0.04198340870941429,0.18447067613246093,0.13180661263218707,0.034511802366468496,0.030019878455913508,0.09436738877600401,0.2099725844120032,0.03859671263065892,0.013799473451046035,0.0875697627683917,0.025188007431952847,0.05291490944449627,0.035696684090612274,0.006951424969207935,0.054134082438596715
0.019638222182770892,0.0937082488413206,-0.003860682722197901,0.21785810803949657,0.11174249699446903,0.06306823840881413,0.047153489940380475,0.04012112662551833,0.19598382070043788,0.0,0.03265248415516179,0.10518162683302519,0.0509172501968617,0.05385119553850871,0.02208499481910242,0.0,0.05938516774822386
0.02889345846363245,0.0934723500869331,0.09514533929403904,0.1688298117595642,0.15865144126765193,0.06004689284822505,0.11292469604415716,0.0,0.1691638459679787,0.08434084089693039,0.03618616600975933,0.0027271749754620334,0.07802762551136334,0.005393062388408325,0.06723350340149875,0.0,0.05647493892900077
0.013120997908993237,0.09695134009561422,-0.07095314086656908,0.2027495702135419,0.10317698983197855,0.0843423057262274,0.06052794208936306,0.0548262777096384,0.24290526074248747,0.0,0.03543246732267796,0.04834494192834415,0.03615258980336549,0.0,0.01861641570531235,0.06292523892706324,0.04999999999999999
0.020120225347805443,0.10009111462523647,0.0012011590464907189,0.22320181851097015,0.1201221680130552,0.07399544944105244,0.0713836536010266,0.03772983354657525,0.21513597415302227,0.05442310734473807,0.013859597977048894,0.01139039931900048,0.04612177278772009,0.0536225757303071,0.0,0.019099989998913092,0.05991365957657036
0.026093154298360677,0.09725004423254503,0.06265451441637065,0.1835249845095581,0.07624745385969926,0.02833773001231129,0.15547094585396584,0.05617918047067932,0.17731191491383566,0.0536195949913842,0.0,0.09920985454680649,0.021727393014824094,0.03440621017090966,0.05039786811629037,0.010892497680852117,0.05267437185888382
0.02433384868355981,0.09710224134079025,0.04463180894403586,0.19626902514718253,0.090029265486803,0.02738367081156937,0.07739482042136037,0.09348359567815899,0.19243285192915746,0.020662169844758174,0.010956556982699166,0.09966219862499814,0.06763933526939683,0.04097281766318971,0.014682810716687925,0.018430881424038363,0.05
0.029998734795912085,0.09761104500866837,0.1024344611311573,0.15,0.14982160887702628,0.014372879025397968,0.10745286552454655,0.06717020108879637,0.16211999838495056,0.053808500296806505,0.020987885824355228,0.07151725555897931,0.0464562361660118,0.05349452515274601,0.022109955355997375,0.0,0.08068808874438613
0.018915937966155205,0.08983620403417973,-0.01206709528190155,0.1513818211022557,0.06653657822656105,0.0707245685621351,0.10486750703889071,0.05869642550005108,0.2685752031583448,0.006912263670519321,0.0315359557847639,0.08267587805501224,0.024928440758783282,0.028515641516745217,0.0006909105511278705,0.051655770904383266,0.052303035170426226
0.01906269773502345,0.09399052237221633,-0.009972306157260163,0.24854507453525743,0.08045070996510384,0.06996828921986072,0.07985748239910484,0.03981218369845897,0.1740537997174111,0.044080637742512814,0.03346975796281953,0.034626103891958124,0.03712636452659712,0.0029673945138781925,0.061031719817333505,0.0,0.09401048200970391
0.017264141610551675,0.09962395907424286,-0.027461851695830302,0.26621501302954625,0.07681211713051972,0.03090457664546993,0.09128883505847635,0.07411007511220467,0.17643923107538279,0.024468277575089903,0.058725968534296256,0.07296952085165295,0.0,0.0,0.06573643065630017,0.012329954331060867,0.05
0.01722486438168125,0.09866436273162563,-0.028127031295659674,0.23926579461492858,0.04726528961175471,0.07561500985388804,0.0603553317545716,0.09439548451105671,0.20539767219573032,0.011314753108271732,0.009185105679543278,0.07627682703635376,0.06804996078068905,0.01765058919288231,0.02081483930179367,0.020798631529236226,0.05361471082929995
0.021055020982037043,0.09175258932528235,0.011498541782802112,0.21076728963099645,0.08847401034914858,0.04434055490681719,0.10891911863181344,0.027951293492499127,0.24665841249934017,0.02708785667973396,0.02508721882746323,0.0361359234389815,0.04061676359906332,0.034955884974278206,0.013540507284185575,0.04007148130497393,0.05539368438070539
0.024627554188420442,0.08982875489597518,0.05151528810322831,0.2087056910954595,0.06731217410634405,0.06381984960763226,0.09408889919538387,0.02834404295072198,0.17253121020699902,0.14167447878473433,0.02051229213482608,0.018762201400498304,0.025235000555450228,0.02289818121785181,0.043568350278788436,0.019169290246097297,0.07337833821921282
0.023677975812523178,0.09124161634066215,0.04031028778349331,0.22659672188054994,0.1244186061352152,0.03239761712933098,0.05664577824823486,0.04144948842674803,0.2245496133609571,0.07866981727961611,0.017864765766875963,0.0514026721058332,0.02917159616763415,0.02961506148467946,0.004466191441718991,0.017864765766875963,0.06488730480572998
0.020317773743221634,0.09276463405722234,0.003425591513955777,0.2513197191256609,0.10840081060645024,0.008242359153545027,0.03997655928642564,0.06555121508442158,0.18259744667416875,0.02161674769497447,0.03528232704819932,0.09727267500577397,0.002747453051181676,0.017276423746542414,0.075,0.008242359153545027,0.08647390436911113
0.0245149401504674,0.10243253791556943,0.04407720673863284,0.17810400669311627,0.1013265869989719,0.07521172066158573,0.10714748077151937,0.06960879185589722,0.15824735454986966,0.07569803181682491,0.00013249650878366015,0.0672806111473568,0.050227051253854384,0.0357138437813617,0.03130202396085845,0.0,0.05000000000000001
0.026394811795535267,0.08687589803503316,0.07360858351019894,0.227110223489996,0.02411055958897474,0.02136982216290091,0.0792966495922486,0.10236101827231543,0.2208989236187975,0.028118552459951422,0.06975280047955562,0.040641307476284756,0.07865930171321155,0.0,0.05768084114576354,0.0,0.05
0.019493830649458088,0.0969772454611022,-0.005219465124372272,0.2673603394302875,0.0923692740787869,0.05239162944114896,0.09751903084035828,0.011490508902643,0.17696427557455055,0.025259133855517677,0.041206380329524284,0.04999854839424045,0.04290523437396811,0.04933900001670148,0.043196644762272834,0.0,0.05
0.020311684126143037,0.09206723573055321,0.0033853968099489904,0.20417697737221063,0.037719987873513036,0.07213202254395251,0.07548098346774088,0.08101934642074599,0.16385207505058977,0.057004278436855856,0.03693219547353231,0.09380988480641593,0.057110410030783654,0.033154060866689025,0.004512933318836451,0.018051733275345806,0.06504311106278818
0.027593178019549747,0.09485403242588414,0.08005118839288998,0.1801839301565095,0.14352817346273844,0.012341667539364626,0.06224332708591067,0.08410107365217159,0.26019694954039657,0.07067353518521494,0.03975360469434491,0.012341667539364626,0.004113889179788209,0.04065619726301392,0.015040311704615216,0.012341667539364626,0.06248400545720217
0.0227198977085612,0.08999211043851638,0.030223735117529696,0.2240396326802901,0.07385399934461623,0.02942314460868858,0.11204882832275644,0.02600647674661901,0.1906282806524353,0.0,0.04560938726468909,0.11511990273882049,0.06279948105364361,0.06356740377538384,0.0,0.006903462812057284,0.04999999999999999
0.018499725462865824,0.09720225354055684,-0.015434565377727581,0.21275351756488353,0.08998609540167841,0.06634132723627377,0.09820833917660621,0.05120177878978802,0.2232236484581579,0.02492496358051347,0.032231370759683464,0.05980580884863146,0.0003051498489224723,0.0009154495467674169,0.075,0.014339676165787688,0.050762874622306185
0.022653885923491268,0.09820967363116315,0.02702265291562029,0.15,0.08513142643419129,0.09272288201864987,0.08281799755089195,0.08483965212590626,0.20521961893914464,0.058920140989518435,0.0,0.09110289019558047,0.03391759384795516,0.04892003019373673,0.0,0.0054909213289770515,0.060916846375448246
0.020092593572715867,0.10213421234653536,0.0009065872305521064,0.19207995517659823,0.10768739330892683,0.0383701705247613,0.07290173371223747,0.10017188914476545,0.2317975628178559,0.022044901638744677,0.047066967510607904,0.04151152244002015,0.008052128752016082,0.05771484203047238,0.0,0.03060093294299364,0.05
0.02221282081734688,0.09160796900555623,0.024155331041261986,0.18582072189847532,0.09615457445448103,0.059153617378426636,0.059772577400544175,0.06317201397629961,0.19538401617795087,0.005077686420980839,0.020228387098917062,0.09952126919730812,0.08409435663619076,0.04213732411834561,0.0,0.014440045138155813,0.0750434101039243
0.020245829417963046,0.09918625237978548,0.0024784626101383637,0.2192051841609021,0.11700060926078566,0.05756181691894364,0.08945812102859889,0.02634865463433144,0.15000000000000002,0.05680299367854704,0.03351215733247872,0.08216088694496194,0.002924221969040482,0.04366693227087538,0.06883824929275,0.0025201725077847272,0.05000000000000001
0.027157619149908552,0.08994693784144679,0.07957601805773071,0.14999999999999997,0.11498385228335443,0.0647966292608938,0.14260532715757052,0.0010556432571647981,0.2280414878594106,0.04051671761461491,0.044964861268652095,0.009522151172011007,0.07724128493833855,0.040573368809024034,0.018258409855225623,0.01744026652373953,0.04999999999999999
0.01901320974727283,0.09852879965041282,-0.0100152468742984,0.19668537972616118,0.06112525024270613,0.0840566576298479,0.11040612834670444,0.06822767967360858,0.23290635772748397,0.024556114755868476,0.023103668448983133,0.0578802874246914,0.00436266091064155,0.014266159737884872,0.064911038056531,0.007512617318887308,0.05
0.023962045661614972,0.09263697043070282,0.04276959450631845,0.18345693355909864,0.1073144848455767,0.031125306861927972,0.06617021282762856,0.06427452846748583,0.17715600438329016,0.0320882459124754,0.021603218244937276,0.10177202353392543,0.04557895365451281,0.036669616697965465,0.04774763046234362,0.019114276662999374,0.06592856388583282
0.027354079128435016,0.09416482028184554,0.07809794683856941,0.1930682204868212,0.12448938760113785,0.041364827723655885,0.0812872875645526,0.04234936705953608,0.15539694137427587,0.06286950397972761,0.0,0.05358082275442473,0.07534811577159815,0.03503460648644799,0.044927593120148636,0.0,0.09028332607767342
0.025150068535090053,0.0938270207490813,0.05488897008530967,0.20640501483368953,0.03141979511329064,0.015114315705233614,0.1316191601522825,0.10174252759163357,0.15665832067642432,0.03437376479142916,0.028137635882878827,0.11824725513736434,0.029261467796730535,0.007424071311563205,0.0670118403754243,0.0,0.07258483063205548
0.02460320109673364,0.09502661877948781,0.048441175281796665,0.19559362025077487,0.08840747943304048,0.036730923663341054,0.08690071224309175,0.07626049393204846,0.2054406307391387,0.05558360115076976,0.0,0.034492433546044136,0.09544684072481273,0.017921193893761823,0.0,0.04780786294179492,0.05941420748138137
0.02412734812318229,0.09684031152746111,0.042620145041684356,0.15423548457604055,0.06848766254879707,0.07125463995981106,0.15942709219065887,0.06777429657607313,0.22196742251454257,0.053420116578056266,0.008470969152081126,0.05982396129150582,0.010192693808860164,0.008470969152081126,0.04007600005292004,0.008470969152081126,0.0679277224464912
0.02786034821321204,0.09061912273603955,0.08674050217974522,0.2116670716821227,0.08979033239388426,0.012611743497068445,0.12361473741405533,0.051448580306288856,0.2313715534999131,0.07794561407553977,0.0012148467939141704,0.020936880643541954,0.023865633702047775,0.0012148467939141704,0.05152924318497427,0.013460893586244384,0.08932802242649097
0.021088786111888913,0.09476063384846406,0.011489856786205534,0.1982917968160586,0.08112213726389327,0.06954593818129623,0.08803036283072284,0.039602571158602475,0.22697399169881344,0.04084832532672373,0.014627376470133964,0.030751677747824432,0.05640293618964913,0.05163316524729818,0.017561732148538452,0.03460798892044535,0.05000000000000002
0.021964601708535314,0.09622283243145893,0.02041720929317614,0.22227608790936737,0.09509448048897398,0.05480937380699246,0.07839680740179174,0.029723387605023743,0.17041679100542356,0.0345776333316592,0.015315564468227563,0.029806306707737824,0.05983965535056095,0.046830933657113175,0.075,0.015315564468227563,0.07259741379890097
0.01679470752787049,0.10581724554414908,-0.030290832610949024,0.21103141786690913,0.09131852406121567,0.07626914232796016,0.12720377957277387,0.06169102500504965,0.19115840451373797,0.03759570334176536,0.0002913172790778976,0.04204361173602371,0.028299429722887286,0.0002913172790778976,0.0404309400110673,0.04213262288322268,0.050242764399231594
0.021640687940359893,0.09748891493719938,0.016829482012563114,0.19498148357704556,0.11134739213998522,0.07042621834501787,0.11754382371564917,0.01914225823192207,0.15838200757678203,0.02626491325496537,0.01676401515356404,0.06157776327344892,0.07376750680282956,0.03478488536199364,0.03428370478526255,0.01676401515356404,0.06397001262797004
0.025722318871436833,0.09360945582913463,0.06112970982206951,0.18821508430368164,0.0693016263751214,0.03785977797988054,0.08827462811262642,0.07011932659500947,0.19021329349439114,0.055287381460391846,0.009545200946149803,0.07780621057378609,0.054580348141046224,0.04779830067573599,0.043189496663511226,0.01780932467866828,0.05
0.01947449098654741,0.09829501515310933,-0.005346242763521939,0.18014461047299812,0.11028121713385815,0.11313073359855358,0.08912034475621733,0.020250438025076107,0.15743820008898624,0.06047280348002334,0.0,0.07787148102314372,0.06858734005188337,0.03513101562567277,0.015102703828595448,0.017249730382621255,0.0552193815323706
0.023386331398202564,0.09105175970636703,0.03719127899475144,0.2328834700845009,0.12427748586667123,0.023423112169442133,0.0688740199524775,0.02539436530460486,0.22009495028173787,0.0139004288962138,0.03936919664450182,0.08908898347505956,0.04347103685132611,0.05592613887330491,0.013296811600159206,0.0,0.05
0.024336134095896078,0.0883368876912211,0.049086335382936545,0.22993871285539993,0.06833149265452951,0.058124722991621254,0.09105408126946328,0.012282552702598003,0.17678412457823642,0.0918913627769804,0.03460663742446109,0.03238568372818881,0.056672096848322334,0.018570555339678947,0.07003877237944826,0.009319204451071825,0.05
0.01892704079165841,0.10008166954465075,-0.010720836425124737,0.2385125873257638,0.12084885050702435,0.011270867139709024,0.05741307315683576,0.0748085283142503,0.1568155276974744,0.04497103662343526,0.04753419671780407,0.03735100582790223,0.016431127925319623,0.029097761312760914,0.04348762534032678,0.04413484479126067,0.07732296732013295
0.025305308096774448,0.08890638013459655,0.059672973848925934,0.20435409385139616,0.07800554760965775,0.017759370822249963,0.08426839967144603,0.06864395122503482,0.21339014623708003,0.002734668776686874,0.00792503997748519,0.11558233961884777,0.05363353665120329,0.005469337553373748,0.075,0.005469337553373748,0.06776423045216459
0.023049577916474107,0.09262738771341673,0.032923069426391546,0.16819514665391688,0.025494184569719087,0.05783881515750367,0.14619109540465658,0.08277421090857613,0.18440207860513516,0.04221982831784732,0.05124973727036937,0.09170319626142352,0.03186968696009047,0.02198388034721302,0.029809675028192307,0.016268464515356615,0.05000000000000001
0.026085363947602414,0.08496097165639659,0.07162540433521813,0.1706106507959227,0.10199798114429823,0.0702487957704917,0.09656819048913924,0.012677016695605604,0.22689931896563076,0.07206157362037725,0.03949516945128835,0.05976484468848108,0.04486209695137001,0.017231193882562428,0.03673903135821712,0.0008441361866155084,0.05000000000000001
0.018705359271832256,0.09496457515125967,-0.01363288074637979,0.15000000000000002,0.1239026638707688,0.09163863656673953,0.07754793770933098,0.05362902110143867,0.22941739554074134,0.029981349626585375,0.05377036378820224,0.04142388047530233,0.029644275935080712,0.0,0.03294745304666019,0.0360970223391499,0.05000000000000001
0.023872207079319363,0.10016983733176212,0.038656417764707234,0.15534132046629487,0.0602446912944644,0.061899309343507083,0.15961460874622405,0.06186962143940764,0.18536638132723174,0.07451514659685571,0.020969922119777322,0.05505958204657918,0.01596099899295375,0.072069934146277,0.0,0.027088483480427326,0.05
0.029825632775969835,0.09579128621018333,0.10257334633142545,0.18593259439848792,0.15959355738547926,0.025713614310731808,0.07651641202263147,0.04609178809563569,0.21470488895324727,0.03483240827990728,0.0007725997907446279,0.04037092130260542,0.09485995647662142,0.028318663965900954,0.04087616206830819,0.0007725997907446279,0.05064383315895384
0.024286077935843142,0.09010040025316964,0.04757002104097048,0.22730495028973535,0.07365414493262226,0.058852915296891566,0.05696215793990994,0.03419511486704887,0.16519952280926314,0.07210043846594787,0.03161978447746449,0.06404996034071592,0.07540665307709621,0.05061718483682052,0.04003717266648372,0.0,0.05
0.022628669701092452,0.09564946171168724,0.027482326131807795,0.15251903296819438,0.0974720710321615,0.06028895287079079,0.15909430548616368,0.024096666917491752,0.18467165556586324,0.02547297109647594,0.031938003367006355,0.07113955927673539,0.041076234505913516,0.0537831074250731,0.002906473713459397,0.02945638239790381,0.06608458337676719
0.019092492747809997,0.0925407165560531,-0.009806572565712894,0.19038905271667284,0.0724844985209649,0.1099222704156968,0.05816920118961369,0.04922685646824195,0.16934147993073456,0.09164445693357372,0.04972481424372626,0.037683467861458965,0.05534738831873354,0.027713560951236865,0.005635795756099912,0.02161711065298807,0.06110004604025791
0.02537639070314346,0.09771960095885213,0.05501854950684208,0.2013513287057285,0.08792074088814766,0.058076990807016636,0.09639379754583909,0.04646046911883787,0.1745957284976673,0.09751207167735836,0.0,0.07581621914469376,0.0346136878093749,0.07725896580533602,0.0,0.0,0.05000000000000002
0.027401900659397738,0.09873340263949999,0.0749685563499103,0.16932068534505781,0.112434137443653,0.014178827291848798,0.12493356557927458,0.08917013667518714,0.21044321766252078,0.0015113829558113072,0.0030227659116226144,0.09188315559414369,0.051238271012222,0.0030227659116226144,0.0685645661335255,0.007757550890491101,0.05251897159301883
0.020522236957089213,0.09996042049043635,0.00522443737758363,0.20214363839233596,0.05650582792463489,0.10319493422247675,0.0978003408647108,0.07141088710510199,0.20810840910494588,0.0857441365169391,0.0018327853744085267,0.0,0.02567137014729543,0.033250615928178066,0.022623477824710258,0.007198116390807972,0.08451546020345438
0.023330689092863066,0.08969910857534734,0.03713179702410625,0.22486961207872005,0.09301291789528164,0.05001352066606472,0.06241831589277764,0.0386063226678133,0.20283865535572934,0.06332607993471405,0.02253563766282763,0.09091375579679459,0.04241568102959694,0.04449938233561085,0.006626590677038029,0.0,0.0579235280070311
0.020177793430109503,0.09030385951990944,0.001968835341642338,0.2151286193903314,0.103790247919077,0.05596247343069453,0.07585269688559929,0.018802497820379523,0.20987950008748713,0.05609130840722936,0.008957699004540859,0.09402150908419671,0.016500834376676963,0.003953938532194218,0.06479484626882935,0.026263828792763698,0.05000000000000001
0.024807438997003883,0.08973172032992711,0.053575691843729394,0.212842691106367,0.11144150243332895,0.009287239526547248,0.07235133302483641,0.05601482755638884,0.19100073738602424,0.061476597862073296,0.07666658970257938,0.06621485215644979,0.015675936290056956,0.04453113051151627,0.015469956645161825,0.009287239526547248,0.057739366272122714
0.02234301108690917,0.10568432115954773,0.022169902415061286,0.1999068402089944,0.13476428162934276,0.03491421635970854,0.05410165211279915,0.11992909751572386,0.17933033263140213,0.030591891426340712,0.02880377153533394,0.0732767102512983,0.03672433223637179,0.025510144323559567,0.02381722446749695,0.007313277698218141,0.05101622760340987
0.016310406754499907,0.09330724566871355,-0.03954240872782761,0.2578727548896942,0.08832877819060504,0.06549047284766552,0.0482099418491123,0.031212410068141773,0.17465044847925115,0.09447107552111558,0.008844083983591154,0.08990070554635364,0.025364138127279882,0.008529131776026988,0.015278620191197821,0.04184743852996494,0.05000000000000001
0.020156389058794355,0.0942966314718735,0.001658479803077609,0.19231709117804177,0.11379317179724531,0.07120058152681695,0.1065365572837589,0.021107648931574786,0.19438686969458469,0.033821282615000406,0.020036665401188987,0.12331762992886228,0.0,0.014650076526808234,0.05883242511611764,0.0,0.05
0.02952866887362049,0.09840877364026206,0.09682743236342921,0.1814791643418557,0.0921717180484473,0.0,0.12081778612671883,0.07330960253518681,0.2177834719287304,0.01953413625739939,0.033023169292798055,0.03851410034313926,0.038353648477996,0.1003570687185738,0.028345296793854575,0.0,0.05631083713529989
0.022127347861063962,0.11403869420377225,0.018654614347500934,0.20424851650206619,0.14589289985847687,0.04120241618595143,0.13233952810484106,0.06517639032051897,0.15000000000000002,0.010702435593523815,0.0007720080174532407,0.0375452328904801,0.04387672850329845,0.043570117672065714,0.06456993813047039,0.01010378822085378,0.05000000000000001
0.02823013391394169,0.09753876425961401,0.0843780826670713,0.15000000000000002,0.09405951354881954,0.04672375931722647,0.09766864405852042,0.1135632026213964,0.23575259080861202,0.07111755821753125,0.0,0.047773146541532197,0.04284875716632537,0.0,0.03902638619513857,0.011466441524897765,0.05000000000000001
0.021442353636223155,0.08894154781923616,0.01621687132266439,0.23151682391960615,0.09188935578853295,0.0,0.08711851065908978,0.053087640929080075,0.22456099402157048,0.03387788639426144,0.05232082043514364,0.06790952761031391,0.0035246333511948745,0.0,0.057033021489510345,0.03713463555388657,0.06002614984780986
0.01628572982206733,0.10956204490948569,-0.033901066569186455,0.23926413332178653,0.11946802782185613,0.06447530188829725,0.059396863703322665,0.09645959203743837,0.20997810879238918,0.03182960781277238,0.005765378860669203,0.06888874383191641,0.0,0.04316136061590586,0.0,0.011312881313645922,0.05
0.023824566704127914,0.09353641592477935,0.04088853166240169,0.1509492817512291,0.11585519527457687,0.06514435853193097,0.11021908858993616,0.03438149369844925,0.22940346159348077,0.0009492817512291018,0.029419280564443595,0.05184484939198258,0.026761020145925074,0.041651555199675235,0.06278951574474485,0.0018985635024582035,0.07873305425993826
0.023264999857556923,0.09023439445099686,0.03618354040520579,0.20585082450618733,0.07842672780834727,0.051806104011003065,0.09413914584916755,0.0370935773952692,0.21855234333788273,0.062051825031344036,0.01254815744232896,0.024234598496716962,0.06633359790800714,0.01254815744232896,0.03722062633926896,0.0387375165635405,0.06045679786860748
0.022604679407826733,0.0916160061923184,0.028430396784149752,0.20248281708427518,0.10219793551509082,0.044104953740196004,0.08795568089067424,0.05603181724603263,0.2025942436816134,0.015228227339073312,0.06146672950480869,0.039543238863391866,0.04317275491629713,0.018679628561646115,0.03806074998802949,0.0042207731486689805,0.08426044952020219
0.026619643187734132,0.08830872822334374,0.07496023689744724,0.22411121953475696,0.1529698821014683,0.01424969718248751,0.05430637519642626,0.016300751643352956,0.23981056989014155,0.07312425526124737,0.02135537301203545,0.06026965753619739,0.018112263881356307,0.047477807337670194,0.009895709366574178,0.0,0.06801643805628559
0.019731700971482358,0.10365700132790905,-0.0025883348455055565,0.20181645355806763,0.14768675503920922,0.07357725482299708,0.06959805571027222,0.027856705235150145,0.2174776779430567,0.028384312611763426,0.0005627255208702739,0.06857149027518315,0.00018757517362342463,0.08197958208650266,0.03126974856837529,0.0005627255208702739,0.05046893793405857
0.025256517603635453,0.09691201212601364,0.05424010386659252,0.15,0.047570316826156714,0.06616923899710699,0.1377280456710357,0.05832259065710586,0.18617215172395302,0.026972557539994814,0.0,0.10987451837281093,0.03355487196608002,0.07658954116579988,0.05704616707995614,0.0,0.05
0.02603822138051859,0.09059963374775121,0.06664730452807668,0.17354603423108117,0.08609881964098558,0.04241726732005789,0.17714826498532252,0.01089198267885031,0.20138535094276142,0.06339938970876377,0.026523506121551594,0.06541759492794626,0.011897001744492715,0.025444705931447344,0.03799738597848228,0.010155928144566465,0.06767676764369067
0.018559904586509024,0.09952459774796746,-0.014469743621951858,0.23269393825143,0.09656730947074497,0.07249826953523932,0.09642167002708109,0.04391161502069566,0.18427528587273997,0.053369191943667946,0.01620929525104838,0.08523410530210644,0.0,0.00513298665644312,0.0636863326688032,0.0,0.05000000000000001
0.02081068480337156,0.10956552450122331,0.007399086592813307,0.18689956940614225,0.1187057694624368,0.08696484557231537,0.12014687966693971,0.06134898523586005,0.15479180675577978,0.053089807541308945,0.0,0.014203467917031748,0.04621701424476683,0.03429383980560057,0.04482952287747959,0.013776901023952287,0.06473159049038582
0.021694354814866257,0.09382705160221577,0.018058276221334907,0.192462177306059,0.12695614800340796,0.03678018831254053,0.10375808761151184,0.01653413972586484,0.18330854679106584,0.0492038762659784,0.0301370733554567,0.0296359421123783,0.014871983878772668,0.04090208044275539,0.045785297262849994,0.03632732468614601,0.09333713424521267
0.02398379967165054,0.091971729084778,0.043315480868891136,0.19588094119876015,0.07472554492394615,0.08158244805461613,0.10478867097742975,0.013093877541666457,0.16159169038716742,0.05636830686111464,0.01995469229539408,0.05792590862173135,0.07340948858492141,0.04324324111091398,0.059997751570219006,0.0,0.05743743787211959
0.02565879201667376,0.09122211003245609,0.06203311910523015,0.15000000000000002,0.09028550433083152,0.08713243079656374,0.09652073924760714,0.03930124366193192,0.16785245707755003,0.1019015997821099,0.0,0.04076289725351419,0.06391698469562045,0.0,0.06360583576491005,0.01996218825583478,0.07875811913352623
0.018622743012112863,0.10134107341779214,-0.013590313793196276,0.1980017470745036,0.13672705485588327,0.07153454961459772,0.05968881122299088,0.06726631612006678,0.2160499364110547,0.01987378193832014,0.05446527073135216,0.058730989989385016,0.0005943879515658481,0.037336563092833217,0.02973059099744669,0.0,0.05
0.018931549726783237,0.10611305985837974,-0.010068979960079705,0.17833375157964038,0.12635241448130488,0.05551586053465993,0.10846036229448267,0.06914435100324137,0.16351767645837167,0.022373386137161576,0.00839290450729673,0.09564755925397148,0.01015842893349031,0.03720362707120317,0.03902014393715472,0.028885446718607138,0.05699408708941395
0.015379115862448112,0.1024303977852032,-0.045112429878890976,0.17668833431466804,0.04756708230110561,0.09593979063534085,0.167989626052609,0.058945719237806185,0.15328599673740123,0.020592638554934484,0.04292939281603654,0.10498149678332994,0.006776925798520213,0.01853696339274145,0.028600035412050622,0.02716599796345587,0.05
0.022959416820468315,0.09637456539892734,0.030707446598781267,0.15,0.10900582696782046,0.08001859823139174,0.08695016389915203,0.05746882630396468,0.1798994027741362,0.018264010829688575,0.0590281345442379,0.07482043966471796,0.06013662252632617,0.06945858655246608,0.0,0.0,0.05494938770609811
0.03084181828844046,0.08962237967144675,0.12097222064607384,0.2108938283745135,0.13829900255295224,0.0,0.12674991899267185,0.0,0.2185389033391009,0.04112277952864165,0.0,0.07084327851130426,0.07470304511207068,0.03122526020471745,0.03762398338402751,0.0,0.05
0.013125195552018187,0.10271624911172648,-0.06693005739047142,0.2259925404068261,0.16449554584098294,0.09447113471033988,0.03440122402547078,0.007035581995760803,0.17343070850055142,0.0035177909978804014,0.037842399103696786,0.08884057664322774,0.0023451939985869347,0.05801089862116913,0.04671783816327902,0.007035581995760803,0.055862984996467344
0.0244731172493029,0.09171120274641979,0.048773945988594296,0.18114104380464383,0.1144113210833652,0.052185596128251945,0.08989397161315066,0.039771604281815025,0.18278179418163126,0.0007208463646972752,0.04463444979505251,0.07917049105024994,0.07983582855764029,0.007809949802278774,0.07500000000000001,0.0014416927293945505,0.05120141060782881
0.023289203911732947,0.09035848619914803,0.0364017155453846,0.17855386245217367,0.03531436189264296,0.040202732218397264,0.13989924733511416,0.07087736516473538,0.20065230003376675,0.015159791853595214,0.03789680218958407,0.10532687540527823,0.06500012861327979,0.03080017085356919,0.0,0.03031636198786347,0.05
0.02982108547581297,0.0905777847385592,0.10842708843189569,0.1998178761816377,0.14926698312386963,0.0,0.07193940743348755,0.03907122459868364,0.1765667692969244,0.06779131968057706,0.03656669769388161,0.05919289999485801,0.06121550800687828,0.02010507754973928,0.05893319082145044,0.0041623669366692585,0.05537067868134327
0.0183345200997036,0.10229938468364219,-0.01628044885555126,0.21222095896974424,0.11312568499565134,0.05705530714237024,0.09955349008232717,0.05527442213381633,0.21513531301842848,0.0,0.0,0.035841947316570234,0.03682758312657784,0.031260459699998994,0.02946111265702022,0.03167681795420469,0.08256690290329015
0.026542337415389694,0.08823162464816406,0.07414957438988774,0.18398449940283754,0.07719835076602466,0.06758848303397257,0.08838426624952608,0.03528464911929852,0.21519056496011277,0.10185835532184774,0.030157907640590467,0.05435007070720908,0.04106112577914893,0.05198672052352514,0.002955006495906497,0.0,0.05
0.02566074563689491,0.08987879064466961,0.06298199604481025,0.15754441626688193,0.07212390313033644,0.04231947138485095,0.14263043505635165,0.060569163772130785,0.16592391005964846,0.021599806640512993,0.06881108895579759,0.09639602056721612,0.04491194120073578,0.008378565670334017,0.056704651172861054,0.0,0.06208662612234215
0.018344463640566744,0.10466380658966071,-0.015817658590651717,0.15,0.11669814423076409,0.08302570244365019,0.1867798721445224,0.035978199451337754,0.18086210569543215,0.01106877317761576,0.03696354406517676,0.07638079271780614,0.02140833300312604,0.01870593740284026,0.0,0.03212859566772837,0.05
0.024781654690881227,0.09875883414579166,0.048417488240316414,0.19155618185037182,0.07545285512818933,0.05728413890551955,0.12948012367318587,0.05321779730751891,0.2038111086662745,0.0422912475835204,0.015123772455620896,0.052518403931350814,0.04469241531731229,0.0695072711926017,0.013561253914695832,0.0015034300738380729,0.05
0.026469004937871077,0.09011699554040349,0.0717845163287843,0.15341050219157507,0.12833216653031446,0.0068210043831501525,0.11687096459160827,0.048611690542263934,0.2067127707383383,0.021090153666365893,0.06283670077215045,0.025689492133587788,0.09360606339052086,0.017254501402303828,0.0017052510957875381,0.061374568242741574,0.0556841703192918
0.02564775121078089,0.09270476370400867,0.0609219093509935,0.23984537970551384,0.10983558461475404,0.01697761312631083,0.07465517401894417,0.04173159082539816,0.2295759379538203,0.0502545158227823,0.02783082459772048,0.04847795195844979,0.03711047052707642,0.05436917458142418,0.019335782267805367,0.0,0.04999999999999999
0.0247926342926712,0.08735472155567067,0.05486405551206389,0.1832174336629756,0.05634953610857292,0.029751743706706742,0.15348009694309497,0.04836953174598932,0.22629485403074368,0.003265842625493088,0.055336342303640214,0.06948323629875947,0.034605085121950534,0.037183079749904493,0.009112564016438942,0.006531685250986176,0.08701896843474405
0.01619448767896059,0.1131553077063842,-0.03363087775709088,0.20328047366872937,0.112887663049587,0.10330997829260448,0.10800130371965612,0.06971256974929257,0.22224476674364316,0.009268577051640975,0.0,0.030813977521655662,0.003243364788195344,0.05078165945605621,0.033781743920018696,0.0026739220389202303,0.04999999999999999
0.006549589319004623,0.1080735037865151,-0.12445613596062254,0.2719870728093402,0.06907459397965907,0.12210165330986764,0.049520334987765736,0.0220163110439627,0.15024261666742655,0.06281561850681257,0.00048523333485311725,0.03287774996496994,0.002120573413957092,0.05260821791733722,0.04994182367464069,0.06380383927702986,0.0504043611123776
0.024374682926310065,0.10514662426205969,0.04160554803363851,0.19982880090641666,0.08702203398411311,0.033477621462770266,0.15221825695654553,0.07846342520768732,0.17030800824779363,0.033151314208517045,0.018453445070504025,0.0615940807920963,0.020877374791438048,0.03309809397112513,0.061507544400992924,0.0,0.05
0.02125886383386333,0.10179734720438556,0.012366371702553508,0.17706395193583543,0.06928630312398168,0.09810441076192505,0.1104657976382491,0.06792787050489872,0.18332724669584516,0.032698958385071426,0.0,0.0796317523889241,0.05495235803407236,0.05726129465496508,0.014412231307764827,0.0,0.05486782456846703
0.027750848227275693,0.09554275467297925,0.08112439560493157,0.20122455024277638,0.0663189150569821,0.04483268572602674,0.07107205743626219,0.09087578237488476,0.2090005541740375,0.0626699669765252,0.0,0.05773665031917704,0.08533048417844637,0.06093835351488167,0.0,0.0,0.05
0.02084674944235143,0.0972634773769389,0.008705728657735553,0.2610449476336588,0.11406915566051841,0.03110926181533941,0.10404401181027313,0.00864885079402692,0.16600406596063244,0.05412170776144061,0.06652928960093124,0.01064364060807517,0.038485637491080915,0.06724830825753106,0.00216221269850673,0.016438997061502928,0.05944991284648225
0.01872053182346134,0.08953467289197356,-0.014290197698967194,0.2476884742038962,0.08165199253224478,0.03906886657186754,0.1153786850889222,0.003177263382334316,0.18753707633705935,0.030237779569881582,0.022323885462424222,0.0885334876701887,0.061626829987042574,0.0,0.02645010958265231,0.04632554961148611,0.05
0.02557456650808554,0.09723598339379684,0.05733028364107816,0.20008911556296574,0.08478952250221877,0.04346340037153043,0.0390367091024105,0.09037064881996576,0.17082257222893166,0.07812666437399263,0.00750399452048925,0.043747591524183914,0.08408015342468203,0.05436783574300741,0.029375807076192587,0.02422598474942934,0.05
0.021373578530624604,0.09645153124286382,0.014241127257647668,0.19470289013741388,0.06910699764519312,0.07342297469415116,0.06810639658103881,0.09171363467083221,0.1850249530855883,0.04561180843910536,0.0508617835574393,0.063703947855335,0.03558919427621405,0.021538106647192436,0.05061731241049641,0.0,0.05
0.025024401840560984,0.10245083041017422,0.049042080190518575,0.19563523915776573,0.1180393974668742,0.04214225775652321,0.14797049894408654,0.04034415979571968,0.18777053970963908,0.03988447838826184,0.0,0.030551448411990426,0.028478198634230935,0.05867879738282844,0.021603855549909026,0.0,0.0889011288021709
0.023260381414237585,0.09740702076710243,0.033471729127544814,0.23026860422673923,0.11078339675912031,0.015502345348588032,0.0636248159267387,0.08734142899682791,0.19497875520218394,0.03127357283171083,0.04244064435718916,0.08101076102563358,0.02308918814661706,0.02515274525646326,0.04420117942045456,0.0,0.0503325625017334
0.0168336489874501,0.09209722143214746,-0.03438052704861141,0.2448442874940508,0.07350919529310708,0.05997967531478767,0.07385687592056696,0.038903601297050894,0.2534468824313597,0.05649643905821146,0.019067209025939297,0.037974864995615025,0.002983469749575049,0.008950409248725144,0.03029339887182862,0.04223501692524478,0.05745867437393764
0.019842044169490425,0.09188901551261448,-0.0017189849039996679,0.23994600253149834,0.06416969072135412,0.03570589499108588,0.05331071555426457,0.07255785279691254,0.2557501900507114,0.0,0.015324747083000561,0.09791351566032548,0.0,0.0384173650130372,0.05805502109019618,0.0023461484689504953,0.06650285603866316
0.020401533294916785,0.09760701817572506,0.004113774833218357,0.2467538994533404,0.14577877312826432,0.04145645788129778,0.07052262940204475,0.015428310766884548,0.22297283535277265,0.001722924309813172,0.018339824729472987,0.06378589275224791,0.02807748457091415,0.030156582419442392,0.06500438523350481,0.0,0.05
0.01241121045742366,0.11468616199326186,-0.0661700540909391,0.23624436392194537,0.1104891834118346,0.10256843592203659,0.10679869258362681,0.044145424358838156,0.1516468652460421,0.0016468652460421066,0.003293730492084213,0.08565629608301585,0.003393692929113886,0.07148198185513732,0.02659596204812861,0.003293730492084213,0.05274477541007018
0.022667685726483144,0.09583801166488183,0.027835361774942488,0.2106611514773621,0.06071483293019218,0.01310914173247767,0.1196609319302544,0.05274474551678475,0.18530653050115314,0.06122830290496939,0.025617474813802398,0.07048673426227735,0.018094064493427587,0.0823676964838678,0.003983254852662084,0.04602513810076924,0.05
0.021105798134407383,0.09453600014689462,0.011697111499208131,0.20846596862900207,0.09391942882467269,0.0673510442568614,0.05273489474408364,0.06548863351531503,0.23564628563583884,0.030594014884221667,0.023323140348203052,0.03861400765455384,0.02829940128572836,0.06343578890671091,0.0,0.0,0.09212739131480836
0.017727642999534332,0.0997791875321658,-0.022773857521470885,0.20413354253344038,0.13757751115272074,0.08129493837811128,0.037717386603897535,0.024879624903285703,0.20161037842986748,0.037892429950619325,0.0,0.06654355876635491,0.039573653503612014,0.0733308049283111,0.01286218470623777,0.03258398614354182,0.05000000000000001
0.0144519273357393,0.09890900233354091,-0.05609269665415783,0.1660571619198458,0.12787644641573515,0.09110816028316113,0.06849170853935894,0.05457600539002286,0.15386763864970923,0.04525071227647201,0.06289898762978038,0.058450806694332204,0.042163570982364715,0.004495107670543315,0.0033966582373585906,0.06510698498711205,0.05626005032420376
0.02320529513585834,0.10013701237475624,0.03200909493747158,0.19493026321266016,0.10850985118766236,0.06439523975937074,0.08867399911694947,0.07403975547527711,0.15000000000000005,0.031213478047343046,0.015121255558209328,0.08646470790751412,0.07835929974353777,0.0,0.05829214999147594,0.0,0.05000000000000002
0.01939961507308663,0.09899735689485843,-0.006064656125627867,0.19212150300705216,0.09776702523669661,0.0298922106275835,0.10329866041166796,0.07441656522102486,0.19288515924098576,0.0353736284812633,0.027139125135202214,0.07219501228648839,0.0010663083111750057,0.04391447941180388,0.009916428350707935,0.04688183768462337,0.07313205659372485
0.02303113099136289,0.10277781597540674,0.029492074360562375,0.17908270225852746,0.0978318508235791,0.044333894203792815,0.1308400279026019,0.05467433424400917,0.17259200788513696,0.047570203957259034,0.05656532952417354,0.03777734942520151,0.003392251238272924,0.10170872945269419,0.004973937274250365,0.010176753714818772,0.05848062809568232
0.020313378245959246,0.09692004554933242,0.0032333687441339024,0.21379714922284332,0.14943219475367361,0.06482499097971642,0.04320937277692955,0.0014345699476058195,0.18323080252572033,0.037450195597225004,0.0,0.09099490672070289,0.011046229219978264,0.07125041063939273,0.06916123000052547,0.0,0.0641679476156867
0.02155882540319709,0.09889584374462466,0.01576229439148516,0.24393574624045158,0.1269360311836369,0.02690494906683027,0.04658415670539113,0.06024201379791117,0.15000000000000002,0.08098803154042727,0.020530098295622322,0.12222253479963792,0.0,0.05207630643340474,0.019580131936686666,0.0,0.05000000000000001
0.019464622629880912,0.09656634672837593,-0.005544140254420209,0.20644938311799996,0.09852768116325286,0.08961596914512925,0.10778327482882741,0.023275453682338052,0.16184326597317875,0.0016753674181433087,0.0649837151395295,0.03407135758083156,0.07967317653622828,0.03456024922610146,0.029117837817823178,0.0,0.06842326837061638
0.025808229200953603,0.08475930203128931,0.06852615656048544,0.21526141421554834,0.07453452207593711,0.05358707221641321,0.0640849571748422,0.0448617151979596,0.25059516407428956,0.03243835294677757,0.037288312711715205,0.013048580960790201,0.08580896720119274,0.0071202290103355844,0.05300306442829986,0.0,0.06836764778589882
0.01830376585450333,0.10282939565350209,-0.016495615234503252,0.22311608490443627,0.08374156286481596,0.08777333328259374,0.07306643054410893,0.07683953841651119,0.18616014965820307,0.06192172708731051,0.013760731800793855,0.0713885358786232,0.01232346774484031,0.03349529110220969,0.026413146715553348,0.0,0.05000000000000001
0.02279129104630151,0.08900546357942958,0.03136089554559228,0.21885654102877244,0.050386020740741964,0.053590646278321434,0.08417410960174451,0.05206279647746394,0.1766399163206368,0.08242041234564766,0.022091509454532945,0.11063375482388844,0.01870724635663595,0.04271279944823648,0.01918899466179205,0.0,0.0685352524615854
0.022359929277271595,0.09220656174476256,0.025593940741485695,0.19764659356384964,0.05250190862182244,0.09998455349433147,0.09858794295742397,0.03829341151494147,0.21418309615870357,0.02832699828049124,0.03374323185975053,0.0187376817490542,0.08454674065846478,0.020496785795835165,0.0629510553453315,0.0,0.05
0.024602404392314314,0.09308639967768173,0.04944228596497948,0.1632505027663392,0.1335088029184023,0.03054097606208178,0.08764336493128472,0.06000775227545248,0.20806262333950393,0.005983537680371875,0.03301440417095508,0.10589754776760767,0.03928090132506873,0.028417968897721524,0.03245197970384722,0.01196707536074375,0.05997256280061979
0.02301513729712168,0.08848314873738952,0.034075836361456245,0.16398290901642062,0.09037835707677146,0.05047978281947681,0.10272621978224367,0.049151670894755944,0.23176151795902064,0.013982909016420603,0.027965818032841205,0.08084372402596904,0.0490862202022908,0.027965818032841205,0.010404386747405953,0.027965818032841205,0.07330484836070102
0.023723196032638505,0.10064291302736254,0.03699412030756951,0.18777302279224592,0.10894296336676151,0.04042336498372503,0.1469560539082132,0.04880910527006584,0.18312996959077094,0.0313819439685499,0.0,0.08280021688419491,0.019709662937402138,0.05869996272067688,0.0,0.004121015413205715,0.08725271816418807
0.02659612114056875,0.10170820004789705,0.0648533858377443,0.19878406906558235,0.11274286103372927,0.031377350224859164,0.08580332918299818,0.07705945303864503,0.15,0.059583135828104546,0.015450228215654772,0.03211595847801312,0.05211853051470018,0.057333625420517,0.051773475091654725,0.0,0.07585798390554166
0.022897899305973635,0.09993329665310105,0.02899833592034021,0.22952631943601862,0.0959095916252482,0.025468031355797928,0.07693860719754568,0.07848007247287324,0.19800808098083472,0.013241089279202426,0.0,0.0980585545144623,0.03053407275190605,0.03617417637135695,0.06766140401475394,0.0,0.05
0.022693196831280904,0.08954984188558762,0.03007483625400296,0.18575882899169924,0.09201791383603437,0.07583804337031227,0.04342907174381884,0.05680947563553747,0.21993537837256905,0.035312996332704044,0.020459453157153265,0.06875147410951962,0.05041373846881973,0.036860724538526304,0.03626168920310009,0.0,0.07815121224020569
0.01964548401685917,0.10066960896315744,-0.0035215790226280986,0.24436157479154663,0.10830793491494238,0.04792414847729042,0.0908098229779363,0.04574067222969644,0.15518027204472512,0.03910047265403163,0.031500344517050353,0.046269597237196175,0.051595957190349206,0.021488276779346206,0.043467060903020195,0.019370954340326298,0.054882910942542676
0.022087187923458096,0.09620053289372928,0.021696219975868205,0.1858471802733394,0.11096169670393878,0.059856670349214276,0.12198283375250245,0.03136059455696417,0.22569299289164513,0.019748401512216258,0.0131954670674094,0.05425969756006198,0.01345446527585527,0.0632191869863154,0.0008366005738361313,0.0033464022953445254,0.09623781020135691
0.029639892119868616,0.09437674444802027,0.10214266423629355,0.17709136845231022,0.08427484512024895,0.013152508922568158,0.11651633036564349,0.07184383265848333,0.21844030563366704,0.06208050514293224,0.029388268044369854,0.046593450668914044,0.019374754760765927,0.06328321301821432,0.0467029117485856,0.0,0.05125770546329672
0.015518467118840862,0.09804435518925005,-0.04570923917556154,0.1975159347701348,0.07789371013758206,0.07391058527307318,0.09377079809607934,0.03722487034514742,0.16088643077265213,0.010886430772652143,0.03753914538093192,0.08393035867094197,0.025216692292721263,0.06608134944747923,0.02650118046936532,0.04049846228348554,0.06814405128775358
0.01501114111597901,0.10862737173906706,-0.045926351748661366,0.26453688006382997,0.09113263916945816,0.08973626175498535,0.0678278947295172,0.06613004979016952,0.15090718730938465,0.011586521195885118,0.04786784032699839,0.025733473883952036,0.06515525671806359,0.058197334591443654,0.007862306998568672,0.0018143746187692731,0.05151197884897441
0.028132210548468484,0.09624870068284139,0.08449163979122934,0.16384042585280784,0.08242568184266351,0.045779789585698054,0.07630052597557523,0.09280396857928619,0.17121013181345035,0.08434207752470567,0.0,0.06199364568776693,0.07811130863206882,0.05520038985061085,0.008793927794318,0.01660129676098401,0.06259683010006455
0.01890614691806225,0.10276398610848354,-0.01064432320465865,0.17543823026503308,0.09942170592516618,0.09421088835290971,0.09529238673946148,0.05710735001361296,0.21013596970016196,0.0,0.03771132387047987,0.028146509809593805,0.024008411941781736,0.08233567634558309,0.013197402335455587,0.0,0.08299414470076058
0.024842900307010973,0.09520227726003817,0.05086958470313624,0.17384898653990927,0.11511184317419608,0.04977643292208071,0.09464310415977914,0.05907718833795745,0.2053863430844348,0.05853175830549094,0.017671092433540946,0.0579672616331576,0.04745557234475528,0.03163660980708503,0.011578881440105571,0.01989977726104727,0.05741514855645986
0.02097137200818544,0.09435335817694047,0.010295044362531643,0.2176430288613605,0.08623564477831672,0.06425474623214536,0.0992690343129135,0.04914638293015021,0.17281747217333454,0.009151295595065112,0.046862271050506124,0.04828132608443208,0.06681622870588821,0.008165992723655046,0.05011217152941616,0.0,0.08124440502281645
0.023476678861186873,0.09814319939258764,0.035424551906848185,0.16302815209396868,0.09875250987774982,0.026056304187937373,0.11638528427223573,0.09759438699495285,0.1795486159855903,0.0436410521162942,0.08297075094943535,0.03403944237156001,0.012105172113966249,0.04159436197810662,0.006514076046984343,0.026056304187937373,0.07171358682328115
0.021215392211007655,0.09346998665004234,0.013003021125467385,0.1984478030134903,0.07985482005040748,0.05832314801745314,0.09016529918850015,0.0482229926030531,0.15,0.056654075280164425,0.015519612977116466,0.05406604154193358,0.07304057156834169,0.0,0.06090961386181237,0.042596808908845187,0.07219921298888221
0.0212941788897123,0.09443001568875142,0.013705164404271766,0.24090232451689814,0.104330861181943,0.006098287568785648,0.06411745255860501,0.08125551329913365,0.15304914378439283,0.04083095288009461,0.04709446254383749,0.1250647772720902,0.03129979935667417,0.008525847314790242,0.024218092860138162,0.018130578555295394,0.05508190630732138
0.031463356283762955,0.09512569938804663,0.12050745863113649,0.1667348751307102,0.1099505972664633,0.005608067610209987,0.08215696458551859,0.08768058240186553,0.19757113983948416,0.05591915204896256,0.005608067610209987,0.06082728342766235,0.0625528828604349,0.04612144695568338,0.05898748297741037,0.005608067610209987,0.05467338967517501
0.0237617973144153,0.08763438607775187,0.04292604173751751,0.1964866153384235,0.07082093905488061,0.05883311518592606,0.08956552047071173,0.045863428522528484,0.20687830543471958,0.042048630649313114,0.04110292749513274,0.07408905278310444,0.04282323713671964,0.013291115191532813,0.057666465662580144,0.0,0.06053064707442726
0.02414493112097582,0.08587338218437048,0.04826793839418876,0.2161864109190989,0.08306460647736359,0.027257043273641153,0.08984888222955366,0.03808368842880877,0.15298132293865024,0.029638428092176445,0.044498989857239844,0.11799874373362415,0.07001181313623409,0.0059626458773005125,0.047993286518452104,0.0059626458773005125,0.07051149264055599
0.02233863054295826,0.09469372692042052,0.024696784243412626,0.19140795435074975,0.07800255887619426,0.03882879223133726,0.08298705789035733,0.08117954185673497,0.1912462107767572,0.07360109519609746,0.052609027610775294,0.07807839100694239,0.0,0.05360056957373573,0.007505714712186357,0.020953085918132056,0.05000000000000001
0.027236924502647586,0.10401786533053338,0.06957386098677475,0.15956517742594475,0.17013786945203535,0.018595104928383892,0.14055512763827976,0.055956802172096545,0.1861412320510547,0.04917960944062291,0.0022111677129667212,0.07121737350496353,0.012751931015224182,0.013288383400096008,0.05751531356368458,0.011042267933841558,0.0518426397608056
0.026770026347268328,0.09587132136549266,0.07061576132302157,0.2230552045324192,0.09131800121080241,0.02840062754920644,0.11546967941039266,0.04041528126192684,0.15842388097052237,0.10497826415742531,0.026909739668081044,0.06147418209681105,0.03279279988351999,0.0606935582257609,0.006068781033131837,0.0,0.05000000000000001
0.02385049102397141,0.1086908511729489,0.03542608216255946,0.21846819735893971,0.14760980473612087,0.008991164720228586,0.14966176947068613,0.052734905207868714,0.15449558236011432,0.004495582360114293,0.008991164720228586,0.07622422611813387,0.04926122114320642,0.05473970844393969,0.00784287137333318,0.008991164720228586,0.057492637266857174
0.02479030174851271,0.08980048568097955,0.05334382895801346,0.19534367803022035,0.0957592696110028,0.019828624962741924,0.11655752013404347,0.025031271672106517,0.16733060848554723,0.02748130174462331,0.05991267410443251,0.0579037992051325,0.022763850673979683,0.05087019781478886,0.06645208548403675,0.006502462558487566,0.08826265551885655
0.020153876734969156,0.09545623208984422,0.0016120135018981852,0.23912979834088832,0.08875264896101032,0.062135921015764026,0.061628428936698045,0.05439533748813638,0.1835674691417555,0.04103155487409083,0.017079612588424175,0.0707496193924089,0.07003933258925128,0.03337613332031928,0.00337369720215036,0.01349478880860144,0.06124565734050121
0.02282888543310979,0.08915913361583293,0.03172849845422271,0.20138086894010554,0.10322856543683345,0.05176448243773227,0.0635794261465441,0.051466687533212235,0.17944244313828142,0.008919016117199191,0.04912124468615296,0.08656581040392858,0.07303240696293604,0.0032542376969385087,0.058170178011414955,0.0,0.07007463248872063
0.026696737564070983,0.09650361195942621,0.0693936468086453,0.15832987600253481,0.12564162805921714,0.01665975200506962,0.09805452309173895,0.09212129225683297,0.22612406974190033,0.012632523505722377,0.01665975200506962,0.060007484089797856,0.05893224433997836,0.01665975200506962,0.0273395020204754,0.026954474205701504,0.06388312667089135
0.020931111725555063,0.0914849143493562,0.01017776244506715,0.21970305958817182,0.11093097369523144,0.03538169572555919,0.03494026141718346,0.058627828848091666,0.1687940674245251,0.03169809438495058,0.05085518569904919,0.12251728739504796,0.04949613137729895,0.04851646114372091,0.001210113595672782,0.013295127719921172,0.05403371198557596
0.02568979315295805,0.10587428819388238,0.05374102862952535,0.16228082893412932,0.17645839254979964,0.04478083255476833,0.12165404127369339,0.04080629381437786,0.18866535019779404,0.03517546923121812,0.0028876807153938627,0.06664626127726968,0.03637313150273176,0.06825571645842007,0.0007219201788484657,0.0028876807153938627,0.052406400596161556
0.016842191031975817,0.10352955918069948,-0.03050152046443639,0.2495623961749489,0.06892949580894851,0.06903827404736036,0.13272102962107812,0.04447200246774314,0.15179491795151362,0.0022338349533193858,0.05953789789447318,0.02564068980602697,0.06313363805886266,0.02873491563172864,0.0378475643833031,0.016353343200693208,0.04999999999999998
0.020334409086856464,0.09249746753851634,0.003615332351852924,0.2033201690846416,0.06765395551590447,0.06547367322310364,0.061523950414191286,0.08874147517395906,0.24008165968360948,0.04339837419646242,0.03576467098498072,0.08097149251995385,0.006123567487068533,0.0,0.04999602818625289,0.00695098352987196,0.05
0.02110118005855166,0.0950794193058906,0.011581686831815107,0.1927333106318526,0.0866130159519245,0.06963216999054744,0.1060152722158638,0.05619452532698294,0.23953433960480514,0.019170958738847686,0.01671703530263054,0.048966077078644366,0.04087746137380526,0.01671703530263054,0.026180900426642468,0.01671703530263054,0.06393086275219212
0.015864961602525485,0.0973545334292048,-0.04247401997444189,0.20682013391320841,0.16026077548328477,0.023512029964365237,0.055595806031648605,0.04143544012185176,0.1586471593408585,0.008709677232896071,0.06364063549798807,0.08087347291466464,0.036409110342251146,0.025272192068885396,0.007491633634013402,0.06936157730870286,0.061970356145381135
0.024653183234021547,0.09320496814121869,0.04992419746307211,0.2059982724155602,0.10042029312999753,0.03708206751402035,0.0937766095046348,0.06021960596269012,0.19512289642593605,0.03561640690174456,0.0,0.07199026814203596,0.04073576056319024,0.008327762080300748,0.05517458799950323,0.0,0.09553546936038626
0.019580061979248553,0.10007901389342043,-0.004196064733398174,0.2016169547668607,0.1156048311362526,0.042447202697125305,0.04541792373078075,0.05117480400522181,0.21381544732212293,0.07548305414956057,0.029654210165262034,0.007133944837803642,0.002377981612601214,0.10165225353946655,0.0017834862094509105,0.05589295179598808,0.05594495403150305
0.025559438808710366,0.09016876476216283,0.061655927342183704,0.21110168552294953,0.06641576025717683,0.013999912968250068,0.09754179575251228,0.06668880129897792,0.21585479507049438,0.046175439089938645,0.027790716676734925,0.07099729260135956,0.04867337728217923,0.035279722050684414,0.025801030279187773,0.02367967114955447,0.05
0.013608920721024598,0.1138689297783147,-0.05612662990174626,0.16234877431697078,0.1282353434430035,0.13001009245190912,0.138952444754285,0.05392690888748703,0.16310627953669665,0.005286377341479161,0.02129361829403859,0.05104466571539267,0.026322142669496774,0.0193173596922984,0.022494778731547822,0.02265256324946349,0.05500865091593111
0.02297928778650271,0.1023542388795895,0.02910761507403297,0.17461997634916757,0.08898460110522825,0.04067724766754958,0.15483213107771476,0.05478733283795088,0.14999999999999997,0.06092097899136554,0.046276009781966936,0.06184857909055514,0.007098219505961258,0.08155796431193892,0.0,0.0217976601522801,0.0565992991283211
0.020099941292454293,0.1111794940730276,0.00089891839576682,0.21651170545969942,0.14958222702024762,0.06522787862751993,0.07533117734261362,0.08306871569272742,0.17613663762347426,0.05218103123688579,0.0,0.031683593813000524,0.04850468677673209,0.03547406874702758,0.0,0.01629827766007152,0.04999999999999999
0.024314923305457592,0.0941949845427817,0.045808418849496484,0.20841682106913065,0.10228015652579664,0.04407586396065562,0.0892321739744212,0.034923111475045704,0.20785668903207213,0.06408929233241566,0.03677658760751781,0.028619933312885842,0.014969961496147313,0.03878581175682707,0.07466302443604768,0.005310573021036654,0.05
0.026739942107657733,0.0915132420233322,0.07364991075214358,0.22858804382586095,0.07829824315975206,0.013376624139413448,0.07807577883748142,0.06572361199290198,0.20635472532107035,0.05624491172996988,0.019736703376074683,0.049931318794481636,0.03834094602518163,0.04417621329514171,0.047745653660388125,0.0,0.07340722584228233
0.024513177918573437,0.09590182787548486,0.047060395182802646,0.17648177440279733,0.11323528646448835,0.04210002503918315,0.15057792879893087,0.03440218740917026,0.20471627427170255,0.06928682359901403,0.0,0.06560924564070238,0.03955962935068318,0.006825042157338483,0.009347439700185816,0.037858343165803575,0.05
0.027318376945347778,0.08965413114151556,0.08162899859902722,0.2217608359173286,0.11557565919240563,0.008325172504223335,0.12014742518605855,0.007760491095283368,0.22386762713784097,0.03509246074759744,0.036807345415714114,0.03134977792560658,0.05538761801544972,0.06330196665459342,0.0018115458688438243,0.007246183475375297,0.07156589086367936
0.025355295583538107,0.10426011703509491,0.05136475706943111,0.1558401386504903,0.12406949001677692,0.08914930908091559,0.1091679152717708,0.06574741770946307,0.18267914153813128,0.06309879249189976,0.018502455721174774,0.010855962039097541,0.06946977167569479,0.04481415511433154,0.0166054506902536,0.0,0.05
0.024953911058309908,0.09425426628815384,0.05255901142092419,0.20081079354306108,0.13849769753614777,0.04115899634462402,0.12334012912559304,0.0,0.181291289883585,0.04755568271928938,0.0907992479337844,0.00130780626888868,0.0435096492193701,0.07089542670581604,0.0,0.0,0.060833280719840545
0.027862626313174488,0.09412008111556412,0.08353824412370048,0.17798795085021876,0.11829328715299216,0.030509185810601018,0.102765662382439,0.047365562505839315,0.21398747407814117,0.045315125880796454,0.0,0.08862023684993327,0.03949418777037949,0.04429259409540791,0.04136873262325133,0.0,0.05000000000000002
0.023920988050920133,0.09338207122572088,0.04198866012987028,0.2085989391854063,0.07181417719932995,0.06650260010001337,0.07533046489627482,0.06894844684082976,0.20207379551470134,0.048268400041652657,0.013585413046687327,0.06277471307538367,0.07371309484889599,0.018560835139870818,0.03502169726395766,0.001303621432738653,0.05350380141425771
0.02087005444929413,0.09095470441790966,0.00956579931584944,0.2355795903797857,0.11020261496753825,0.040943094240102784,0.08339704760391685,0.01973068495683931,0.1840908410278081,0.047187669490009417,0.04636736141781692,0.07464420303604453,0.008669662595701866,0.04591969504386628,0.016983301482844455,0.0,0.08628423375772547
0.014728431507444295,0.10751814026978436,-0.04902957286396782,0.2538669811588252,0.1345970458148044,0.060516230598055484,0.11079892516896989,0.03394355702307646,0.15559912996435882,0.01576693189267685,0.04175637320882614,0.06874708074015663,0.003732753309572534,0.03400751497291902,0.01613733294510967,0.011198259928717601,0.059331883273931345
0.02319577401265227,0.09640522826665006,0.033149384842624766,0.1843725896505024,0.13326723845642674,0.030834454916955703,0.08530254568088722,0.05185381709992739,0.20398037578195868,0.04293639356269255,0.026265370239735228,0.052489929475351124,0.02130695787155072,0.025985989961757265,0.05355262771672728,0.030256425525247647,0.05759528406028
0.025082609939968137,0.10026978028843492,0.050689349526323466,0.17082259596058902,0.06800407511242204,0.05628557555304286,0.14529261852367983,0.08023705674898529,0.18001959185312164,0.07771825676161072,0.012115957153254494,0.054000107759461374,0.02434771617069368,0.03873680975105829,0.020207050537780838,0.012115957153254494,0.060096630961045415
0.022177871822052442,0.09720379493630177,0.02240521394745559,0.19542836741121192,0.1063644881316571,0.049402195879066,0.08055094062633542,0.057305071353861856,0.22059174179964816,0.027318333555113393,0.024976267621446696,0.09899542707234271,0.01020073611505774,0.07886643043425871,0.0,0.0,0.04999999999999999
0.02312847161096032,0.0949746257585225,0.03294007832065176,0.2598450038216893,0.07149246364958463,0.028178233000510065,0.07552000282513412,0.046294206476545974,0.1834145715982959,0.03935422215814672,0.0,0.06248273978438243,0.04393127930558177,0.053239981851471614,0.06145572200960593,0.0,0.07479157351905147
0.020683582739875694,0.1151006961306651,0.005938997441854515,0.22766730929649598,0.1521442441703078,0.030524996440466582,0.1193764275592366,0.06513373846376454,0.20028652756843357,4.669491266138583e-06,9.338982532277167e-06,0.04267364251359641,3.112994177425722e-06,0.0742881021636721,0.037870768888074675,9.338982532277167e-06,0.05000778248544357
0.017496250150859982,0.09883709458739175,-0.025332086698746523,0.15,0.08596824818698029,0.102357854549448,0.06500008867207546,0.06903141509267985,0.17856780575552764,0.04468282886344499,0.06239008715728319,0.04980929228088097,0.022237859201115345,0.06421284803836812,0.022881597317648536,0.032860074884547695,0.05
0.021152934760541253,0.09537634276745288,0.012088267667720753,0.20344054693163302,0.12711467184124026,0.07819949472633736,0.09751849011931528,0.007021978940812782,0.17653088722558027,0.09876075790216995,0.0,0.025029800410502734,0.06964516108042845,0.00831605477302999,0.0,0.0448799154568663,0.06354224059208359
0.018050842893063912,0.10087155607646153,-0.019323158903770753,0.25652911973532516,0.10628966402669257,0.08470100930199675,0.030049477209857248,0.03241084290339025,0.14999999999999997,0.07706452259978577,0.0,0.025194653517213898,0.06777115248257833,0.06196295414678463,0.01937330349835552,0.019891544672883465,0.06876175590513633
0.02471638539097487,0.0955691128411922,0.04935051975225634,0.15,0.08661790038011703,0.03519433469673709,0.13952585724129216,0.09489246209271894,0.23291886641284332,0.002715065350993491,0.059845979743835084,0.08731213070506742,0.0,0.0,0.06097740337639552,0.0,0.05
0.028113413581988045,0.09555570944290627,0.08490767981619916,0.16223906825231557,0.15900451313691794,0.054517746944327004,0.10817375556219302,0.0029583382048501217,0.18029710004961613,0.0669693543892835,0.03939026960706951,0.0029583382048501217,0.057671391982345555,0.04041485423885079,0.06998164938515548,0.0029583382048501217,0.0524652818373751
0.014318450759514656,0.10549393237151679,-0.053856644763953784,0.19667762197169994,0.05222795872481647,0.07982630214963898,0.1704598336889926,0.05837208640983284,0.17422235150028295,0.0,0.0,0.10849848244286896,0.012189525495912323,0.010482515468114907,0.04180212813923043,0.04524119400860943,0.04999999999999999
0.02057793470182423,0.10152229472934521,0.0056926875359248185,0.18648081252134238,0.12990182613655654,0.07048597811721019,0.09954934394512538,0.05410920497744828,0.22876157327309912,0.0,0.05496218610346614,0.024891250472865174,0.021325106900030706,0.031477616374216706,0.04805510117863927,0.0,0.05
0.016535245032316848,0.10878461879836755,-0.03184967696678775,0.19559251443071865,0.07978976006596672,0.06819303702236677,0.1707149310034924,0.05520598627013103,0.17071465613826678,0.003945399964037468,0.015890242252656905,0.03166015432781919,0.056646835584484856,0.03484356378930979,0.007502163961700895,0.0593007551890486,0.05000000000000002
0.02363498657917118,0.09609172991320514,0.03782829784055799,0.21917512207240145,0.14094032083812183,0.03620720525776861,0.08766049811626245,0.01919695750865119,0.18453851024425935,0.03552880956193778,0.01304120874496087,0.05022261295822756,0.04191961887517248,0.021819678045499447,0.075,0.007084722491277732,0.06766473528545935
0.02495629398115584,0.09199810052439057,0.0538738729702558,0.23906722950078912,0.10238635958151789,0.02064624007801039,0.09315207681302039,0.01856280075396552,0.2071087028269111,0.06003843178081507,0.0,0.06718029825778296,0.04049066579551222,0.038883543653260196,0.04773744246727565,0.014746208491139562,0.05
0.02183876507515392,0.09497111527397929,0.019361308644731852,0.15024122090437425,0.11321327854107316,0.08825247004232985,0.12098415979255124,0.03584203081700414,0.1671915455727428,0.052990488872207545,0.039092728135784516,0.07371774242978335,0.04378583376963335,0.00048244180874849034,0.03985070620515837,0.016935847125595236,0.05741950598301373
0.022611019387889453,0.09734360315928213,0.026822711540860817,0.2063570437719231,0.08066557580128361,0.025261979582415925,0.09573982876166459,0.08430609940661646,0.21008771771074466,0.03596477768501797,0.02114097754698302,0.10023250751323698,0.003840758790516316,0.06239799098887044,0.0028805690928872365,0.011522276371548946,0.05960189697629079
0.017777098142881975,0.10312769033869504,-0.021554849622031722,0.2626866880518707,0.14199167111078353,0.0668555434881608,0.10063078091141903,0.0,0.19964174867861634,0.02753526299434552,0.0012673556928211073,0.06747378842934955,0.02998118460283371,0.049587128080231926,0.0,0.0023488479595678035,0.05
0.021495154702732444,0.09507377523689926,0.015726257835106526,0.18904815596451477,0.11626803281043485,0.019454353211871066,0.10853882718125184,0.050190458082790566,0.18052493388197166,0.03697852250482349,0.03274527397007978,0.05073150856245568,0.05172140375176311,0.02369456742088127,0.0057190413551571695,0.0628795970332441,0.0715053242687606
0.026721876107624665,0.10074195545557142,0.06672370093698551,0.18968366066151318,0.11039636769813166,0.021824320503542764,0.08784295109316965,0.045888750501364026,0.16026187330168293,0.06590424484568211,0.0201143020405844,0.06414077032401294,0.03199267950374056,0.13322241860888637,0.0037955658974715136,0.008144779101936953,0.05678731591828078
0.020721497168670222,0.09613637081250666,0.007504934527613352,0.2083000584397543,0.11174631621398937,0.01989921752797896,0.11021403900456762,0.05782807197104202,0.18301794041553124,0.031126912523783103,0.027659829594692428,0.07667527410557828,0.0486536663760086,0.0009986568179730392,0.014391421592598494,0.05279452678181105,0.05669406863469133
0.024035719191137783,0.0935131921047315,0.04315668303374692,0.21237442863172204,0.09220939152995179,0.0461973997913337,0.08050521700995812,0.06313623424241491,0.20828426333278982,0.04594050045231252,0.004434818215930696,0.06475393667487227,0.036958466897321886,0.011021328875472454,0.05816600932625793,0.0,0.076018005019662
0.027817954849834736,0.09211112388150601,0.08487525198250695,0.25359005064297274,0.04889509610406428,0.01643437645335212,0.11529913787321448,0.032078765892743596,0.15144248732752855,0.12167379191598383,0.0028849746550570583,0.0654088471665544,0.043229501002627346,0.05226630429755336,0.041507546467410325,0.0028849746550570583,0.05240414554588089
0.021543406612319016,0.10346906168587276,0.014916600065483593,0.1973117479038304,0.13467254349077612,0.02326771003422942,0.17206325020445679,0.0368905475178331,0.20457612323001362,0.01624398152427216,0.01460233976701456,0.052079814588977154,0.02011880015013295,0.02459221315306208,0.00365058494175364,0.03776172702113601,0.06216861647251214
0.021628029380142078,0.09259722565353633,0.01758183756210521,0.19409226521257375,0.05998275675799218,0.08192842753104429,0.0958821209249188,0.06391479961530164,0.19901897934697613,0.023481180130796704,0.033962761261158395,0.03854347410590099,0.0666947627694879,0.026110851833160253,0.022798012349373023,0.002966278376328164,0.09062332978498784
0.016146341385765428,0.10230766777548793,-0.03766734887057876,0.2819416449646273,0.11982673824446037,0.03836488458823218,0.07401922972117214,0.045686096500366744,0.2013784611338481,0.03327724037223839,0.04572776368770186,0.03449858350538081,0.015499149189309504,0.03574886486250456,0.0,0.024031343230158004,0.05000000000000002
0.02530395291848575,0.1015663862895954,0.05222153817073528,0.1897150121087505,0.09298836832232178,0.048480966098891666,0.13765816199703157,0.06043678519535095,0.16289303263041804,0.10596380148059552,0.019599015118829284,0.05363958348883061,0.0,0.04683966373408959,0.028315204879617098,0.0034704049452735416,0.05
0.021092407892120857,0.10806863279673913,0.010108464073710561,0.18586480392790508,0.1278068478549968,0.03752549740965413,0.100165529920452,0.1081816001250154,0.20243654174538975,0.018980549112658958,0.006568755211705124,0.05724437204881834,0.02276651635308035,0.004469277804698258,0.04862853541002536,0.029361173075600377,0.05
0.019507786611810296,0.08865540070014173,-0.005551984248026951,0.24605068577779002,0.10579904223120161,0.014331523068084528,0.09402616573835824,0.008418405534652338,0.16161331064357953,0.07442468358495193,0.029162574331151297,0.10783586030426459,0.0028061351782174464,0.024468855643503096,0.01022715346782904,0.040934321809662486,0.07990128268675384
0.02609649267187164,0.09707959961868401,0.06279890621529,0.21190260322585008,0.13148482441820283,0.03170078838218284,0.1253170779691924,0.011489733613204217,0.16039351882267908,0.06520558489831228,0.0,0.07690702942072936,0.04573245240737114,0.05339258277682425,0.01957501807603693,0.0016754569145888164,0.06522332907482599
0.02234775027861491,0.09203045607788764,0.025510579634941168,0.17782996472352874,0.07714829568143039,0.06854258619096935,0.09981359821104362,0.03793776505802604,0.19795677174242562,0.1061764347214415,0.016864514456227393,0.055525834014179,0.0008301617638652774,0.02581289794157637,0.04821514192432549,0.03151445644449716,0.05583157712646402
0.02096992079137361,0.09846906958659904,0.009850004630343412,0.203702178709433,0.08081825943942911,0.05724080019602021,0.08651801739986974,0.06753410083522317,0.1783527778849545,0.0022863104228799643,0.03425323358380706,0.06262432941577488,0.06434930148458026,0.044944874167602435,0.04826197611343519,0.013960509729757205,0.05515333061723342
0.01709272373190651,0.0946424382760192,-0.030718526710127494,0.2069617868692985,0.10232897592091081,0.07111033060412035,0.10100439803091793,0.02571016886198896,0.18328260661710138,0.012623598465552464,0.05129737697077616,0.07295865623669417,0.0380880571530352,0.008453323609171098,0.04303735817455467,0.030355983942073058,0.05278737854380536
0.02636332716958556,0.08764950163098988,0.07259969596148512,0.1769312529928943,0.09659738900187248,0.04795608475901475,0.09314535539097696,0.04894158084659904,0.2416980009630413,0.020072580039324772,0.029984106909499115,0.03730782509866306,0.05697818928412963,0.015590973147453746,0.05118534305856807,0.0,0.08361131850796293
0.014217305871147001,0.09344326920399475,-0.061884544259992416,0.2591733145616283,0.10661172533881394,0.07784652181446272,0.0,0.039026928789468215,0.23006596656491654,0.07444541071178648,0.0,0.053982215619046404,0.0,0.03566417395720905,0.0,0.035765391154198356,0.08741835148847019
0.017827180240211682,0.09563012382363303,-0.022721080689967175,0.1856212952711312,0.12171153882834984,0.047315090780396654,0.11021273841855993,0.015380446594677882,0.22327910632868883,0.002861165907995501,0.005722331815991002,0.07020102997558399,0.04370123433258433,0.03959424130073635,0.003654574504939092,0.07046264222015466,0.06028256372021079
0.0184193470672267,0.1042314101493171,-0.015164842637252351,0.2029885438602233,0.09741290026942333,0.07754696480725369,0.10949340183415888,0.059658499103782264,0.21903393085771417,0.0,0.0,0.061360046207855116,0.03925687965184287,0.04127244689141554,0.023419032346785322,0.018557354169545556,0.05000000000000001
0.014851691484915275,0.09347171626961497,-0.05507878447673584,0.20719126707476349,0.07167953419099825,0.08136668819013766,0.04675512051489596,0.08011922785885993,0.16130846395309636,0.04512749559172187,0.07931631089044143,0.09469797003459085,0.007538975968730893,0.023972605712553892,0.005654231976548169,0.022616927906192675,0.07265518013646882
0.021099344798957587,0.10452170501051436,0.010517861326955943,0.2201610534749117,0.116685441030353,0.0726597963731364,0.10027090461791732,0.04220920353177221,0.1633847443519159,0.03538763873266928,0.002054787204365256,0.042197150860154124,0.0534335869899173,0.022788582958218,0.07500000000000001,0.002054787204365256,0.05171232267030439
0.02579573491082754,0.09553055413167226,0.060668913349326184,0.15737251812691996,0.09669504212042554,0.05045457713569632,0.13295670101051812,0.04703710296534416,0.19843325790408448,0.04047046178057187,0.014422569629496198,0.05933096942050865,0.039678635944840765,0.04068037286947474,0.046026413438042806,0.014422569629496198,0.062018808024580166
0.025541114211146354,0.10039204845928983,0.05519475193688613,0.15045364286910645,0.1194384343626226,0.026473306191556693,0.12637265892059424,0.09669212445125236,0.1937452934512491,0.014594851254523684,0.03023387325461292,0.08286324555581852,0.039141412039079636,0.006150037732292742,0.0448151917780362,0.018269856690744306,0.05075607144851071
0.02767190218200133,0.09104653871765603,0.08426352379844583,0.1509886393791371,0.11718614385643304,0.024968289500141374,0.10811158581759406,0.05690336607593628,0.1509886393791371,0.05347824774639804,0.0496694956100519,0.09366926832460998,0.05441027352064761,0.0019772787582741907,0.06973278335627815,0.016268256376799375,0.05164773229856183
0.02454150538618438,0.1090231255259623,0.041656349185319276,0.17250571033967863,0.10820930596306402,0.07392972056233818,0.08299234910400577,0.07902756755400545,0.1500910273297264,0.013596761025565155,0.00018205465945280293,0.03874945586370345,0.1,0.09714625452506631,0.033236026197730424,0.00018205465945280293,0.05015171221621067
0.02686809039638649,0.08976583775512137,0.07651118251825871,0.21684028969001665,0.04613028508490598,0.03084738735512445,0.15038437253887477,0.014339277682286974,0.17419771256681352,0.05078794470542976,0.0407622418021624,0.04895020259426966,0.05284876647515221,0.0471092800569818,0.07500000000000001,0.0009830396988992278,0.0508191997490827
0.026101989088478827,0.0865097465429403,0.07053527876711581,0.18456109806277518,0.13308403176396835,0.04597899129072864,0.09604918042749103,0.0,0.21670876130861846,0.03758506707737129,0.042532297468277525,0.07191388065696029,0.05178527008045463,0.021511038665077722,0.04829038319827671,0.0,0.04999999999999999
0.020437968719504207,0.09520885786007835,0.004600083745861734,0.19163870859303303,0.08973058538623374,0.07786540163778445,0.08155470211906986,0.0489411371222199,0.22098491753520497,0.0,0.017438861201669535,0.08627729187463017,0.04556595694646252,0.0665302318339759,0.0,0.0,0.07347220574971594
0.0218588283569765,0.09498402359974321,0.019569905406508024,0.2294430913649561,0.09223755795185265,0.063328125825082,0.12473172545549024,0.0212843340564419,0.17498973333956092,0.05603371748327193,0.06098282885949822,0.0288788253365426,0.04261047276955109,0.01627549677523385,0.039204090782518554,0.0,0.05
0.01853117162977802,0.09312314032104664,-0.015772968621527595,0.16381650313270274,0.10691543443531705,0.09294925925460841,0.10431331694577542,0.031099461926156202,0.16156534281062174,0.026335456706552796,0.053059535848011756,0.0899600642795847,0.02482200245369139,0.010919634423111857,0.04098530745193798,0.010919634423111857,0.0823390459088163
0.0251376930755971,0.10473153103858336,0.04905583852970087,0.17095326870284266,0.05824381271960743,0.04928561563308072,0.1624895119664936,0.06785198593323478,0.1987573885145668,0.05569439695353771,0.0,0.027347038020574865,0.0,0.07615768519423036,0.06676938736332495,0.012239851092155743,0.05421005790635026
0.018963621227068295,0.10045772026321298,-0.010316566713003754,0.15736806765224987,0.1025256155476536,0.12193232008668728,0.1092856725797813,0.043488235554285784,0.15736806765224987,0.10084970217611275,0.04093007791511812,0.022832223437418253,0.021695735828882366,0.014736135304499742,0.02307149469987567,0.021636538811435554,0.06228011275374979
0.01675137884950928,0.10523000033435535,-0.030871625393600947,0.18310448630041928,0.10942390044946534,0.11798787401962728,0.05623873690539467,0.04040564251785466,0.1722791500253722,0.017660556925388784,0.00449398256185322,0.08926881693539922,0.029729722179828902,0.09367942519868765,0.03572770598070873,0.0,0.05000000000000001
0.02618847126865398,0.09284940396629378,0.0666506299911254,0.16323629806253218,0.08738279918042759,0.04845768437193568,0.09719285444453499,0.07406574407853836,0.22075688561085127,0.05081681575002456,0.012993244604214624,0.06597169141380535,0.02605240132020978,0.01620860754653013,0.06707014559751352,0.005702428556825699,0.06409239946205621
0.021812039156554608,0.09697023416367213,0.018686550281977663,0.23097925060859884,0.07292214083690199,0.04105164092570691,0.09558123181904321,0.05842214743001736,0.1911474904184373,0.05054328219818701,0.03562515644738444,0.061316590856030445,0.02512245946821759,0.06957340091321487,0.0021258249693912137,0.008503299877564855,0.05708608323130405
0.023571951723761586,0.10248092093420295,0.03485479727543558,0.186249864089271,0.11686148437314638,0.02486164902432128,0.11896661558046888,0.08181156392470444,0.1801539938649739,0.04870475279385787,0.0018230456130289919,0.03158693658896999,0.08637116644711547,0.007398921755316388,0.00045576140325724796,0.06323503986404405,0.05151920467752417
0.02061800025107785,0.09634068747398114,0.0064147378151599155,0.1937611943872592,0.16056106823053662,0.05063536098237347,0.09660367776866052,0.013444919485316502,0.15329246523884538,0.04649928246326004,0.048346053856336835,0.08550711857017906,0.03462307551811851,0.03172964635832092,0.0016462326194226875,0.02233725662076849,0.06101264790060179
0.02359530309882052,0.09553262083663425,0.03763429776483024,0.2565679006410736,0.08972838341847764,0.01521987897636223,0.08790530152904308,0.03447939776360098,0.20836337562772425,0.04558938776264217,0.0,0.011409589172369812,0.05298210591587916,0.06569673109103895,0.024858933320747702,0.02547485985144357,0.08172415492959684
0.0240082148495544,0.09756552485023498,0.041082286552622846,0.2041423634621709,0.06523320077432304,0.05185949004227336,0.12979297674290347,0.06254456602443645,0.21951784706540864,0.03085054841783292,0.02091105183083023,0.06007948340320901,0.043982710875047556,0.060110503721395044,0.0,0.0009752576401695105,0.05
0.0222663132414882,0.08673418323521272,0.026129412383376342,0.19627040311505634,0.04814125160942498,0.06260019424275944,0.08723898598757623,0.0660410170421846,0.21304358473198517,0.027650536054010293,0.05022380158610888,0.05063190861539111,0.03356223497930619,0.006135252630053581,0.06219916052303375,0.0,0.09626166888310944
0.025542708755450505,0.0943608732502139,0.058739481360596035,0.2530757316545928,0.06798077449874859,0.0,0.12520505197560003,0.03486926481906267,0.1680470830976433,0.02695111406493372,0.014194455125955453,0.10580779370557994,0.05097482671041241,0.06411263421480566,0.03878127013266539,0.0,0.05
0.021433136256673313,0.10233937628441686,0.01400376188233165,0.2113649002459201,0.1133935638918399,0.07478329272836474,0.08003245304664595,0.04945061463871792,0.21205655444932195,0.03220922826986889,0.0,0.03680724874743947,0.03661629639263635,0.042442562498756185,0.060843285090488565,0.0,0.05000000000000001
0.02414905799433753,0.08643252692425497,0.04800343275828961,0.18976391555476757,0.1313178583198097,0.036977905915635566,0.08729964298125385,0.006671363729695765,0.21860936989585927,0.04650025221470646,0.013066725088102069,0.06578070836823845,0.08965956642272412,0.0061029081708638515,0.0015257270427159629,0.04904013263457132,0.05768392366105596
0.024283212882321603,0.09540867790092404,0.04489332602186828,0.1907185019026158,0.128238149920998,0.05443659852967517,0.07927823474524483,0.02500812062716366,0.21382065544522744,0.04671836843166484,0.0,0.0988183014790026,0.032913145169152044,0.08004992374925565,0.0,0.0,0.05
0.023294874745471095,0.09839066468630286,0.03348767645768105,0.19737615654890014,0.1086183240705882,0.06967631560616377,0.07922080273725611,0.059112047278360454,0.17168174899225533,0.058546561642804765,0.01042222602531115,0.07325591006254387,0.053824351284478544,0.023324614702035455,0.04494094104930235,0.0,0.05000000000000001
0.024542250607416438,0.09473424768069548,0.04794729169883973,0.15488259458102013,0.09545755752358022,0.009765189162040232,0.16403860697622244,0.07835025137648946,0.1817309153906542,0.015681587773887066,0.07360153123544694,0.039778080282773305,0.01714963211255176,0.009765189162040232,0.03049061443227001,0.030785842349330985,0.0985224076416931
0.017263922064014503,0.10052185291554838,-0.027218737584196382,0.23787819041206237,0.1041390158393862,0.09012442950655455,0.07905416912725904,0.006168739266099353,0.1790496627148873,0.02441738302656056,0.013887150230823604,0.04184170004624746,0.03522114221739884,0.0519090622915387,0.075,0.006168739266099353,0.055140616055082796
0.023840165608450148,0.09450660730288275,0.04063383204671458,0.17189633495957513,0.12450912540121244,0.04205277380553628,0.07330681809738121,0.07372853365459839,0.23196493029843263,0.04845155335160479,0.0014064387409131944,0.07802360385212054,0.041079462756776985,0.0162651438551213,0.00693827939345351,0.031789268379308705,0.05858773345396472
0.012436568177180751,0.10296042293907402,-0.07345960328168862,0.19639230546498693,0.11977265199232778,0.08461652973779181,0.07357336546236855,0.05570199042112139,0.19431859647061372,0.008161193229002384,0.020200539960263532,0.07782033477446962,0.02795636672244526,0.011712645413779126,0.016268359216637062,0.06350512113419278,0.05
0.025502321515194604,0.10090227262375569,0.054531195107087975,0.1965308074904224,0.11878612160624848,0.043499798476105946,0.06553181488967952,0.0869105726159235,0.22585616951952073,0.014103137176231207,0.0011976296836722592,0.037733834373705644,0.06920797828431653,0.0357043746739438,0.052742106790164216,0.0011976296836722592,0.05099802473639355
0.02053567067027573,0.08805925577378354,0.006083070604773449,0.23317059281181376,0.08389839159242525,0.06015741452004668,0.04805124421072534,0.03407936491552026,0.23629260847794226,0.026794193126403583,0.062106383179984265,0.004470637500981974,0.031458162517974834,0.02319004596251236,0.075,0.004470637500981974,0.07686032368268757
0.023954530132985985,0.08737305027460125,0.04526029617321875,0.22692746666790056,0.0704509902644099,0.053756244693663045,0.0982644974885955,0.005092432422411136,0.1640395156742025,0.08268763068050233,0.03188964006349647,0.03944359125120479,0.036187043026876455,0.05003407140591038,0.045812354119592495,0.0,0.0954145222412344
0.021828691485072937,0.08628260835531366,0.021194207267614645,0.21642530346736724,0.07502271963781895,0.006569774039245524,0.10848845950216116,0.05284131777909919,0.15000000000000002,0.033188619972266915,0.11049017026176537,0.05593421001505451,0.019045098828923343,0.0,0.0594390860410236,0.023515356313447814,0.08903988414182645
0.026127109134922666,0.09584778268008487,0.06392541343781913,0.2058824520374724,0.13701559487785936,0.019338435094985073,0.10064079666222936,0.057177840946048816,0.24368478892479087,0.05823731284323126,0.007719733339570625,0.06879084272281764,0.0,0.0,0.051512202550994424,0.0,0.04999999999999999
0.024232670218197416,0.09120565935254782,0.046407977840896744,0.19778271996725302,0.11908425971691693,0.029599785617763198,0.11809700798464633,0.0,0.18217917312697432,0.007334664158793156,0.008395835005814428,0.10822247072603829,0.027176410760697742,0.04769563029296796,0.07134515671353593,0.0,0.0830868859285987
0.0231602235694901,0.09453816771067508,0.03342801797430282,0.19522968436054267,0.06560737690857164,0.06866769165232713,0.08996730767450617,0.05664634615736123,0.19463140631168177,0.05490073254405073,0.03698716163382412,0.030133798497136,0.050647268116876025,0.042330642353420496,0.05255304468043322,0.011697539109268898,0.05000000000000002
0.023305052203596244,0.09688017246776118,0.03411484640674092,0.17703960042549222,0.09388168382082702,0.06693436291450847,0.10013640367654793,0.022918319824072216,0.16636729602313696,0.006350317514219311,0.012700635028438621,0.0753200562159994,0.10000000000000002,0.09686717066363991,0.0031751587571096553,0.017725132612309596,0.06058386252369886
0.022824713581159006,0.09164448657107847,0.030822515209010293,0.16318951619270577,0.07319650848345186,0.0582136479676145,0.10025802099736966,0.07390539721019437,0.22800816225188694,0.045190816472272945,0.04805018887771191,0.04847161006249696,0.009004108805192843,0.018735835433781316,0.04942715561672184,0.018735835433781316,0.06561319619481777
0.017557132391862407,0.0936267184378845,-0.0260915649816167,0.1941518395904485,0.05200385596398645,0.09987886204382249,0.07366778489573418,0.06822775185234511,0.23140256607141296,0.01531488618082266,0.030173989632106085,0.08256444675948434,0.049927870793799844,0.03477180551076423,0.0,0.017914340705273046,0.05
0.0193280146963275,0.09933032142613225,-0.0067651578493303,0.15770546776940086,0.11704696771516719,0.09968765830210437,0.04278647153977461,0.08543684497716424,0.15,0.03584541886785835,0.09403883895063202,0.058273665803683504,0.052934382376879655,0.05149266935548035,0.0,0.002513183447175624,0.05223843089467926
0.02454197963010807,0.08925715582567507,0.050886448129479324,0.22107780712865316,0.15120008359218434,0.03898371368902923,0.07472187882134959,0.0036933438631576304,0.2111547245021059,0.04452054631896912,0.043406989757101,0.02477313658338242,0.05122752283511879,0.02645972419137873,0.02455572809124628,0.0,0.08422480062632384
0.021785334613280805,0.10370336971787691,0.017215782072827274,0.21697785616416573,0.06410009864568138,0.03936343960751383,0.155464738315762,0.0799492178156495,0.1707668089759298,0.043056471098416996,0.027887877164203732,0.05664100018987911,0.0021984413240216023,0.007850352655819202,0.0736522707608381,0.006595323972064806,0.055496103310053994
0.02561588259920433,0.09674189261263871,0.058050162629035146,0.21405952590086882,0.09280118282039061,0.03259050975633527,0.05543559387518979,0.09493712973765284,0.21105327509906713,0.05242327451672559,0.013164969182118543,0.0603847249952559,0.04721116801593285,0.033014017518682326,0.042924628581780436,0.0,0.05
0.016292724997397423,0.09862061194875006,-0.0375912796457715,0.1517253885309055,0.11970209118706206,0.08048670993688825,0.09902685356904038,0.03177397518345352,0.1612282217667245,0.020584277411091426,0.07475001533648906,0.034916350244766955,0.0,0.0465742071864407,0.05721104221179368,0.04429854740124528,0.0777223200340987
0.028860104054753366,0.09927028703028809,0.0892523263486695,0.23358243172644597,0.09248018286646767,0.0,0.09168401524386212,0.06515213002713083,0.19110020120166382,0.03965214403275415,0.0,0.03172403539612207,0.09079797550079297,0.08226489339553031,0.022615369919887354,0.008946620689342873,0.05000000000000001
0.025734816125943194,0.10734243135422825,0.053425435343628425,0.21601859929791004,0.16340844940049484,0.0204936587257057,0.12810019939997985,0.04317852342436812,0.15559045222950232,0.039077428798794556,0.02566992172838198,0.02810377033411335,0.05198277466150463,0.04993272056445669,0.028443501434787865,0.0,0.04999999999999999
0.0179448035476224,0.09072187215477268,-0.022653814384158737,0.20289461910519493,0.0,0.11734921104982873,0.09267820799910288,0.05401617738506891,0.2266758661117625,0.057736280175008065,0.04889821763942339,0.04805152088990709,0.006059529495675609,0.03031709556347353,0.0653232745855544,0.0,0.05000000000000002
0.0230896336043398,0.08620475044510291,0.03584064205727671,0.22113993303307483,0.059479030426582674,0.042000944710185256,0.11181041353993569,0.02865083649753781,0.2182417449878945,0.04322974476636424,0.015318133308762702,0.08008004381717827,0.06503631615184083,0.01080643364599062,0.01861551268232501,0.02658555106066879,0.05900536137165885
0.01921858004785748,0.10243472064043649,-0.007628467645120429,0.25389794793330395,0.10816668408942846,0.037113248227716424,0.16311522615350474,0.014654994385089881,0.22404009993237464,0.0,0.017504468661922692,0.01861744891981304,0.04812278987630832,0.021987083369002472,0.011607060941985138,0.0311729475095502,0.05000000000000002
0.02947087335203613,0.09083526201499874,0.10426428175516572,0.2118021821211961,0.12942026948521254,0.0012275412442334438,0.07432186122789551,0.0529003712943847,0.22237430384160561,0.09994896229151955,0.023579910989285337,0.059909951274536494,0.019788696371835522,0.03762743130704986,0.01484802627015081,0.0012275412442334438,0.05102295103686121
0.020393426984904206,0.08914441183212103,0.0044133667699229094,0.22342671505859785,0.09148764104790627,0.0371178367806772,0.119444336078043,0.01531631730867971,0.18505541777841564,0.016866885811867856,0.08374861682946563,0.06709776762632469,0.03392960121027123,0.03742505424721398,0.0077785577421488825,0.01531631730867971,0.06598893517170844
0.01796425663143708,0.10052530368800672,-0.020251054151312113,0.16311031546745092,0.04530411213443181,0.10903277545113316,0.1583979696095613,0.017256657559669264,0.1740117491970972,0.03782229450724935,0.07126988147447798,0.0244037159833706,0.0,0.09867665261253347,0.035154162989942735,0.015559713013082288,0.05000000000000002
0.020731147224525737,0.0880726877374281,0.008301634062826743,0.22302315705473433,0.06731778431646786,0.04300543039549787,0.11141471878208944,0.024089187261703192,0.19829180967280202,0.046307425558483134,0.04193679261323996,0.0707292767945018,0.021957506965737502,0.024089187261703192,0.0336742133432506,0.024089187261703192,0.070074322718086
0.02398709467551563,0.10764855640551618,0.03703806914508071,0.19155648769641903,0.05767346542393264,0.08133792392226175,0.1127399786592483,0.09474920035623503,0.15000000000000002,0.11040080162310123,0.0,0.026576666258155704,0.026777491900589243,0.06703097257276816,0.03115701158728902,0.0,0.05000000000000001
0.019645890920524156,0.10683013898271967,-0.003314692678000946,0.15180738552854825,0.1369977736515914,0.0764763111912002,0.14454589485858665,0.06267887467773305,0.15,0.0063176607102594946,0.04539434324698345,0.05597944940226292,0.029864126133542612,0.0,0.05706424264062449,0.01566440492793359,0.0672095330307337
0.021735810390017374,0.09754015438867084,0.017795854444730974,0.19131716755459963,0.08823342177790004,0.05980132008123387,0.08040768772637587,0.0816445594946472,0.15420328282590204,0.08307886567494567,0.03890330765168245,0.06914039419120188,0.002802188550601361,0.008406565651804084,0.06717829923300059,0.008406565651804084,0.06647637393430131
0.01967519276175267,0.09517489923816691,-0.0034127405528902068,0.16862901687221857,0.1343217009007017,0.0892894682224847,0.08972774201644114,0.026232898670251567,0.15966020284258348,0.03629765737840301,0.06461989605660201,0.04952435039698368,0.056394741256552736,0.0193204056851669,0.020561175945471268,0.0193204056851669,0.06610033807097243
0.026386753933671736,0.08991413274476998,0.07103170256672729,0.20324398420034426,0.1051398953248694,0.017207981406913944,0.11173472700368108,0.028750846173953612,0.21675392884777206,0.0,0.037471443322157155,0.049911676135149435,0.08104199138107476,0.021069453925869213,0.06171846399225063,0.015955608285964346,0.05
0.01944372414696005,0.09621093679347202,-0.005781835949005054,0.22926111624050374,0.06014531956463303,0.060937109882090515,0.06996904726403345,0.0635127037500407,0.15180847171447745,0.010867359103261472,0.04068757015509364,0.10155100099673404,0.06542312973715395,0.0531322482696978,0.03686133256528052,0.005843590756999757,0.05
0.018187152959942665,0.09927016812104357,-0.01826175047721152,0.20968486899495672,0.10336400168466386,0.03635707521841771,0.07296191751497084,0.08041091094250152,0.1874938574003157,0.040052851420728196,0.03571572754124369,0.050648438573325266,0.01619496221053156,0.029082643411955766,0.017986903535129578,0.049052350171788356,0.07099349137947134
0.027138933928233078,0.09453689101474845,0.07551479482352927,0.17537548457429833,0.10923397778453654,0.05289102301416678,0.12691164255732826,0.027538964681275143,0.19926056392523042,0.04049523775912983,0.02788940327294119,0.03395629044052642,0.061055566952096574,0.03448777652475554,0.060904068513714986,0.0,0.05000000000000001
0.02084239813782407,0.09486182567130476,0.008880264868008867,0.20629773766067339,0.05236510196651936,0.0638034608863994,0.10001156655972143,0.06817693695146386,0.19582259269481414,0.023913391711565778,0.024529088063233995,0.060415059322284415,0.022043999225749254,0.05197072813156354,0.03285595360658701,0.0,0.09779438321942442
0.024216447212250136,0.09729942467054734,0.04333475995903252,0.24264993434524226,0.08506328050949076,0.0357907598837462,0.10697815759860299,0.024995363231280755,0.15358615015724464,0.08267321697451954,0.013034697154754755,0.06477205863598345,0.026263962314697825,0.06389253373283736,0.050299885461599525,0.0,0.05000000000000001
0.026138822739397938,0.09035764776684703,0.06793916055936022,0.18285531121290938,0.10410551857308396,0.04912333482192161,0.09010079292233117,0.04982388465815966,0.21644219641060478,0.04212195675541288,0.03970541291001527,0.03077274763067031,0.086786894746996,0.013074379582790192,0.02788094541800687,0.01720662435709796,0.05
0.018219483849660323,0.10210689204441294,-0.017437766586463285,0.2030639608632385,0.1079753241277719,0.024404945177234877,0.13375716818648,0.060757628814163744,0.19990537659276308,0.007608686452036231,0.0360702065317071,0.008040896220975003,0.03066424626175829,0.009572334495440902,0.03562519609007132,0.06919667305092457,0.07335735713543425
0.021072603612780183,0.09574068861522532,0.011203215981565543,0.2270391226619993,0.0937854862645841,0.06838054755386465,0.1262379513833713,0.018657044287102267,0.16690931919298216,0.05616335862979101,0.02285392924508746,0.059456269307621254,0.03159528938169503,0.0031605074970633296,0.05738107570558143,0.0,0.06838009888925657
0.021613781910700514,0.09086251822533996,0.017760699815718487,0.23656163902662528,0.08108559960584741,0.0415212211188918,0.07070608280441545,0.03779436800250404,0.1569093865788726,0.049299622354228634,0.06193711812308175,0.05268059076214022,0.04892638044730648,0.028435736128932076,0.062444799364084,0.011834975827129286,0.059862479855941085
0.024001661067744928,0.09517022947974939,0.04204740379024108,0.16638864666975986,0.15450304661127515,0.011441920812700318,0.1155377078637852,0.0352700220886768,0.19411099334949453,0.0011991139122931864,0.078552349293287,0.061935763884820916,0.008112074473087236,0.07044356392731772,0.007823253399503311,0.013705957274093867,0.08097558643990496
0.02354061395628193,0.09233788790274484,0.03834410810880895,0.2351377489564777,0.09139607089123353,0.019823755825637716,0.05396461122441227,0.066697559479214,0.17795430262386067,0.09371129127852243,0.0149953699020712,0.04629124504999692,0.05942666104572617,0.009923293876908686,0.026784385654204886,0.04244289273480481,0.06145081145692892
0.028423458082072584,0.08740505188135854,0.09637266840715772,0.19923965321378467,0.09731047684425599,0.0,0.10324296423075555,0.050477912548727306,0.2237693894419589,0.06464663141300882,0.020820128579432415,0.09636044922836558,0.036096826185820496,0.030551800244700694,0.012810475026698097,0.014673293042491556,0.05
0.015624833009449945,0.1028968814839617,-0.04251991826624991,0.2304904929896388,0.12754735541679882,0.06024796057195414,0.11509050839335028,0.0,0.1501882315072775,0.02896628286184945,0.023507041484453747,0.04714608987145216,0.0,0.04882294746067961,0.05607045808362329,0.033518597452987006,0.07840403390593514
0.022820250575169343,0.09082179656582692,0.031052574181631026,0.2008082369644512,0.061845492040171465,0.04609212027762931,0.15238349765269837,0.03305710801592912,0.17989538167511926,0.07786549859850804,0.062357766062506814,0.0353758356489169,0.03583606985430573,0.006521256381011905,0.02407240476037048,0.033889332068381406,0.05
0.02710423226032188,0.09026235910830682,0.07870647665875243,0.20832736314669253,0.10304419169633583,0.03549178469810139,0.09667742845777938,0.022481237737694795,0.2002077139624473,0.05185654878653895,0.0,0.07910028215166692,0.058950226657029633,0.01911759305048276,0.0747456296552303,0.0,0.04999999999999999
0.01997177900219027,0.10136891057758085,-0.0002783989454846828,0.24607720899200275,0.08008311064698605,0.043281108122995994,0.08256920546284743,0.08624489982486298,0.19152391008492073,0.02264073807624402,0.04192234281796075,0.03434698933538572,0.05692994848526578,0.03273332638735998,0.015229822023568217,0.016417389739599626,0.04999999999999999
0.01911280155164019,0.0994183798622022,-0.008923887611018224,0.1986182482731591,0.07314356547751083,0.1310766471919142,0.09204029831035533,0.025421458220815537,0.15153564113783924,0.08351768831511142,0.015491226417567497,0.036921838865157756,0.05391335864492006,0.04166768061688478,0.04118606315252254,0.0006033369336527454,0.05486294844258888
0.021086609134042922,0.10612245064594106,0.01023920129462711,0.20467921734623168,0.10515435718328518,0.06102916933874734,0.13011504793905285,0.04889646652526998,0.17014382333365716,0.04228775780828372,0.05304323419756607,0.007029040337280234,0.0,0.053755718590881664,0.07055832314250321,0.0,0.0533078442572409
0.03177952349410318,0.09360464366060679,0.12584336666900375,0.18068305488268438,0.16164260580797102,0.0059689014110338385,0.06628713819976485,0.0663025883645134,0.21207283201843563,0.054522297352433115,0.04360910607998375,0.0,0.0813054322814469,0.014524253178236628,0.05578064584362672,0.0,0.05730114457986975
0.025488195666430125,0.08983759010156747,0.06109019242641469,0.15021734475708726,0.10250359101822021,0.08293915334433079,0.09377269755623883,0.03428239200494073,0.190814687740381,0.06944352488070281,0.0004346895141745173,0.11187708187640659,0.04811553315900514,0.0004346895141745173,0.06436768385835104,0.0004346895141745173,0.0503622412618121
0.017441333311013496,0.09701597828120473,-0.026373662713270855,0.24293545465076688,0.05764320695834787,0.0644898572407807,0.0814517543499415,0.05875487316036483,0.1725195144780724,0.0,0.017588172424825865,0.09341243189857289,0.05889551532007717,0.038332256592086965,0.031930099665891644,0.013879327763164757,0.0681675354971064
0.016950179159427314,0.08718284060312174,-0.034981893449150606,0.19795319267864603,0.04321981099820477,0.08212849121040325,0.10899554360440163,0.02947336233768673,0.23071080220319806,0.00850147710480252,0.07825841637556537,0.07959118139824273,0.004999405839674711,0.04467786192033605,0.013993722210627382,0.014998217519024132,0.06249851459918678
0.02113587752007473,0.10216633860137311,0.011117923335851678,0.20279146267266607,0.11301221707129223,0.029415880448401724,0.09938727904320493,0.08654817381140391,0.15373606674388418,0.05227676205775051,0.007472133487768477,0.03980236592623738,0.06015322203508217,0.013240976665556532,0.0018680333719421193,0.0526676027850966,0.08762782387971298
0.024859899219058068,0.09507149621549192,0.051118362627242904,0.15,0.046606791800906905,0.06815596834528469,0.08670277703405806,0.09873193529959412,0.2189271556465572,0.058246474683907916,0.0,0.08397830489539491,0.005150640235402399,0.06807176043353452,0.03830514695861408,0.0,0.07712304466674515
0.01619402724467478,0.09889742723736222,-0.03848404211962524,0.26473790030468264,0.08251926297828496,0.06186882309850289,0.07582236507666124,0.04732966258877768,0.15,0.04464474953726473,0.028159136455558835,0.11876773535185241,0.0,0.013549416811351963,0.06260094779706273,0.0,0.05
0.022111976624664242,0.09421819466472212,0.022415804422699515,0.2094187623575856,0.09006477008022934,0.05879751404425152,0.03708132344640183,0.05825786791459191,0.1918640179878483,0.024167014544915575,0.018949643989609456,0.0682364895375916,0.08552277385188879,0.07542610713818268,0.003865645812828418,0.015462583251313671,0.0628854860427614
0.026898044569763302,0.08889587249452778,0.07759690496527753,0.21737553019945333,0.09039076198318773,0.04579855574106147,0.10215395284034852,0.025051009048165183,0.23406322958278497,0.04295271990214062,3.703988319322417e-05,0.05329432294911279,0.0800908021852162,0.008704282384809315,0.050087793300526665,0.0,0.05000000000000001
0.019932589437755333,0.08837670602019061,-0.0007627639146141881,0.21625627630478242,0.06292473896729876,0.0714263495276819,0.10181220595996861,0.017609084812782883,0.1930608346509043,0.027915406635203845,0.03826940601700195,0.12335737891670152,0.03356544517932065,0.03960021736796786,0.023439319960936317,0.000763335699449148,0.05
0.020553909769958745,0.09839928115249261,0.005629205452226141,0.2299552578927655,0.1374160970112208,0.035199680228300834,0.09307947999246642,0.043310982039796,0.24210165539175454,0.0,0.03598453716841922,0.03711012001079612,0.0,0.010313602631519403,0.062474137552728376,0.0,0.07305445008023287
0.02602825382981422,0.09039669475574828,0.06668666200796998,0.17747629173609916,0.11042812186548864,0.0371593449090546,0.0903791119987859,0.05120942610334223,0.16557971177563977,0.04629786549286089,0.07181391358421951,0.05805007807853162,0.06006712207437354,0.03628903070694365,0.02633161995148231,0.004807712388756266,0.06411064933442186
0.01908000430291379,0.08906855800411227,-0.01032907366754198,0.22772746779649067,0.056091552019211594,0.061990251055881414,0.09502799083712225,0.03994014475347575,0.24611373009931833,0.026076124250488733,0.004145093011842928,0.10064316879163783,0.0016639580649554038,0.004145093011842928,0.05704098501191226,0.009623614624173119,0.06977082667164673
0.021406359749386095,0.09435605425661009,0.01490481729515064,0.15701557535932273,0.13092415989608785,0.06669515195191734,0.12349543081496686,0.018759621009438766,0.19414189956045236,0.018260317596959626,0.0674701954984869,0.03387826680945041,0.02135578552707966,0.05568822774070761,0.0063406821975041045,0.014031150718645394,0.09194353531898061
0.018206112345883207,0.099636425010462,-0.01800433580318073,0.21660719409839943,0.10032533429328125,0.06383216670415137,0.07359452104154732,0.03430810391729156,0.17187713116014236,0.04474428987258917,0.009228720903418232,0.0439211386979499,0.056858046177275495,0.05322404477966253,0.03118465245795031,0.05029465589634105,0.05
0.029734234379529267,0.09631674785458781,0.10106481579117811,0.1998020321773749,0.10845468780084976,0.0034134065829503576,0.11629771937841,0.056075129472979275,0.17813057275557126,0.05736786705589258,0.03895857486292785,0.035956788245809085,0.06205162716997239,0.06955195966409555,0.01768172276442466,0.0034134065829503576,0.05284450548579197
0.021630404909246614,0.09451245889133895,0.017250687669877383,0.22337000810074253,0.052406437114872355,0.06449899841477243,0.0700261672246534,0.05368574501579439,0.17777230820878753,0.027686004033489066,0.07648880555104998,0.018988968824761056,0.06150427618135293,0.07858954236121095,0.04498273896851336,0.0,0.05
0.020069590461756492,0.08735648328277913,0.0007966261820685105,0.17955111146557856,0.11454626973432877,0.06913600334843527,0.0621928353866098,0.03246498331271335,0.17755327676312765,0.048605172190210114,0.10876500414990206,0.049520458560503716,0.019711295616946033,0.013913729644893295,0.04853135547778019,0.013913729644893295,0.061594774704077745
0.025932707191229643,0.09483962095635393,0.06255515502281403,0.18108013828528974,0.06023794384765266,0.050288754196331116,0.16160170273261415,0.05772427640984479,0.18894824774340033,0.02226797272513498,0.0,0.07971981659762346,0.06147129312303669,0.007237558798907468,0.056213215043296086,0.0006155202170630436,0.07259356027980562
0.015393274351567454,0.09969807826931261,-0.04620676474814772,0.16247677725008597,0.097256085359537,0.12426853070741649,0.07621564053984979,0.06711959902124823,0.20891602519072666,0.02927303894263944,0.03552587429104585,0.05415233135162721,0.037357173485229524,0.0,0.024067640656559895,0.03136779845401969,0.05200348475001422
0.02385980323842185,0.08222195871224325,0.046943703347304314,0.18843618333906742,0.10815755542486433,0.039692752395448685,0.11372643550225077,0.0,0.24649983861534142,0.010057671552211234,0.05252955327499277,0.05497774975548445,0.0417704691726897,0.015056337550789141,0.030861148410890236,0.014558072022645719,0.08367623298332423
0.01860913094640404,0.09983600099172205,-0.013931538120314786,0.22373410714946368,0.08289573747403954,0.0816813043230386,0.07668696189053364,0.06514268245317904,0.19827947134553164,0.022858755986743137,0.026992157090391527,0.06506886014637035,0.036298114245362216,0.02929957025183959,0.041062277643506964,0.0,0.05
0.02558346302270942,0.09123542149972491,0.06119841319225179,0.25254885171997066,0.08448421105000252,0.019979106340062388,0.057202948587554404,0.03604825536273965,0.1785786105928986,0.022826682192901734,0.005776847514385549,0.08350030571843961,0.09430693894402087,0.050661693193621335,0.060630814199916484,0.0,0.053454734583486166
0.022620492328379926,0.10399837001923751,0.025197436535737916,0.2159292181607164,0.07954386232853959,0.038220513816556334,0.1307351290611434,0.09065614878392002,0.20350976440031127,0.009840549910127559,0.022957322295163434,0.022857640456930044,0.05319017455279627,0.037073846325027436,0.016225869910885322,0.01189482710538109,0.06736513289250189
0.01713145953515882,0.09490494560161027,-0.030225405500812045,0.21231537355055186,0.07485894914357229,0.0821450734711524,0.05818564167852593,0.0436577934504308,0.17892092405407228,0.054287706044273805,0.0020340393833468144,0.10573071745966336,0.0,0.06541249796016785,0.021652119742166943,0.014871996937682328,0.08592716712439327
0.019860054206394695,0.09693343655945141,-0.0014437308587473177,0.2270904236873922,0.09491926841046588,0.03112462552344222,0.08999512079362249,0.06537595362567551,0.20377150111130954,0.027010781123359046,0.03769280109981994,0.07110161161681387,0.011233774789333682,0.018439117274961465,0.045645570390637075,0.02349807338410347,0.05310137716906367
0.025558942955979713,0.10558523675105742,0.05264886576033596,0.1698719783231565,0.17473334887693528,0.055923652245620736,0.10630987195343548,0.030941516861135318,0.17723535059719175,0.07855085737668,0.0,0.027434869574280405,0.03780941659243705,0.0661063976818483,0.010875189287479728,0.01332002155378979,0.05088752907600955
0.015772718125332652,0.104576694740124,-0.04042279099728923,0.24716852469660702,0.05294942490992845,0.08314495978656035,0.09656172384234332,0.08953939511129876,0.17556352722244245,0.05411951955642666,0.035423927442829614,0.04364635856866329,0.008308622620585383,0.014412915704854415,0.031044739141492788,0.009881651670527765,0.05823470972543981
0.009715572437958286,0.11055182546907956,-0.09302811164269906,0.268562044150285,0.09887406088243049,0.049549294423370374,0.0797072831334848,0.040209318391341134,0.15009834170003478,9.834170003477284e-05,0.00019668340006954568,0.10807770422181064,6.556113335651523e-05,0.09338422896303886,4.917085001738642e-05,0.06096406421733439,0.05016390283339129
0.017919628885588512,0.10179278419328476,-0.02043731420550662,0.15513345942009513,0.15023915438764643,0.10594189792788246,0.07279579568061306,0.04734519184141858,0.17280441739318111,0.049348239716218524,0.042885088587639904,0.06599378653257738,0.0034223062800634255,0.014776347666820667,0.05049163002549447,0.010266918840190275,0.058555765700158566
0.019991392628659232,0.0939380054023926,-9.162821058311174e-05,0.1966839931610544,0.025845272252571334,0.0708861763049302,0.07257331795685135,0.09410578610079684,0.2293081219718649,0.02525456590049359,0.04319066121596889,0.03845867737494887,0.03914843343388827,0.03802721203325133,0.04998062442267155,0.024486012734347945,0.05205114513636048
0.021542193068941007,0.10117889477772107,0.015242240709676018,0.2854795197357734,0.08630673719348453,0.0,0.0499544464139275,0.1005216002009736,0.1968193990269915,0.054982479892665914,0.010895827922168274,0.053585729885085955,0.02221546666662596,0.04105382495278848,0.02136457077378528,0.015065028129157158,0.06175536920657256
0.026361759344202484,0.09838862761840692,0.06465949874690906,0.18305128574562093,0.046095201947742435,0.0,0.18835730122333755,0.09581365843386083,0.24126513030891827,0.024852579734419074,0.028567060046221032,0.03904863678720489,0.0038397828807752083,0.004137199170214304,0.06725907126396626,0.02771309245771913,0.04999999999999999
0.02242440312585603,0.09949223080547168,0.02436776325375847,0.19103743399967543,0.12943762292194438,0.03501593943812238,0.10458587121291983,0.06843403860116509,0.2152811152539054,0.06058229709324988,0.012544546011551515,0.055332478456271865,0.01198303209511533,0.005555816223907405,0.021984141085581364,0.033595820753333984,0.05462984685325617
0.013963246674128182,0.10966114240911169,-0.055049155911129986,0.20258394588812406,0.11404038981141597,0.062097700798828835,0.13888681326995,0.07286814051215858,0.18340524241121126,0.026683645925120472,0.027364352176500118,0.042023154929223504,0.012756400485237091,0.0,0.0,0.0672902137922301,0.05
0.020025751620580623,0.09570734959532678,0.000269066280588758,0.17977212385077,0.09355546742796142,0.06242892291559499,0.08310606330414326,0.04199599223473188,0.192136102017572,0.03765819975008338,0.014090199785633653,0.09362610530134578,0.0,0.07757213267360732,0.028804931991316417,0.020676866282530796,0.07457689246470922
0.02500988073733401,0.09155864053411604,0.05471772743793917,0.17290730890650446,0.14701867710226377,0.04622292805193328,0.09088441772412069,0.018433326859554604,0.15921666342977733,0.09523689756390095,0.06686776224840178,0.041512064895746235,0.03235826792181908,0.040938921005239125,0.004608331714888651,0.018433326859554604,0.06536110571629551
0.01790888665965329,0.10265748300654377,-0.020369809185886777,0.22020441792598489,0.12108075318629623,0.08108082340685593,0.04594042465532617,0.052532440404663185,0.19082737310149586,0.047157506788228526,0.023153572709434342,0.047400677596773785,0.0002040031281907433,0.0661420684583814,0.03662809569661329,0.0006120093845722299,0.06703583355718347
0.016476252854040085,0.10683207981553412,-0.032983979643982725,0.20989748430284397,0.07884926662124779,0.08509114191613615,0.12102558488335942,0.07001992697947788,0.153510158980546,0.04880595182009415,0.007020317961092041,0.07412220006999629,0.0023401059870306806,0.007020317961092041,0.06681236666953223,0.019634910879974685,0.0558502649675767
0.0210378109313063,0.09180204926394066,0.01130487761032962,0.1922201641764255,0.10736091073141994,0.05500885311965648,0.1057555152852316,0.021970860248000906,0.18277830957920801,0.03288976481612253,0.03765560245212536,0.07492409976666092,0.04168586745178654,0.04268841062476558,0.004050300244299822,0.023755841391686298,0.07725550011261037
0.02229073632265255,0.10107810630274228,0.02266303165387261,0.17083558079033861,0.1173003061829586,0.02275427875209216,0.17620530071567186,0.04517508517361029,0.15881099867655063,0.015213573902180635,0.06865594307320318,0.054481929044811604,0.0022194725186560965,0.053699386809549894,0.010230011260189967,0.022377717797550992,0.08204041530263563
0.027635262139623196,0.08834066319627773,0.08642975797746683,0.19896775267918268,0.13187960871445858,0.008287164070764413,0.10455409190284995,0.019575954419762575,0.19274251669172754,0.0328046362606377,0.015745944182834766,0.08403075512056071,0.058909786056832766,0.025115376858741212,0.038996755120120886,0.008287164070764413,0.08010249385076179
0.025839158772417603,0.09144384276249293,0.06385513333668237,0.1891169722339228,0.07595338637664607,0.020282550886672763,0.08370611076944899,0.10557759001935585,0.19368942364721242,0.00909361786927876,0.05683231468763492,0.04889960918206884,0.05479605204480486,0.003476099015560279,0.06384361123405766,0.0,0.09473266203333583
0.02366835455444849,0.0851647223368698,0.043073639575061155,0.2145183829303353,0.08935129477331241,0.07661429127646667,0.07536156535118191,0.0,0.20785586899371,0.047209202091598054,0.041110473200850754,0.022331678186406047,0.08674449292967427,0.043257383291915356,0.01294237273615391,0.0,0.08270299423839515
0.028911034634914623,0.08920371196489145,0.09989533438274187,0.1585200590093089,0.133444821823064,0.02125745286763226,0.11934404894206288,0.03243492023136326,0.22845605547696435,0.018085557069124975,0.022837690258795795,0.07312273378897854,0.05450538372177821,0.04732017839702869,0.0059132665712378855,0.002211042535696419,0.08254678930696369
0.02856187925713405,0.09414147792799792,0.09094693907060199,0.17323852880682933,0.11018810117959563,0.038855686300705176,0.0984079090544603,0.04861322643378337,0.17057103547099217,0.037521325098823645,0.03219444011628259,0.06095524980666789,0.09179363280422106,0.05539602953689955,0.03226483539073922,0.0,0.05
0.025140938744705466,0.10620643949758535,0.0484051510343904,0.19341320971930204,0.13979821371456838,0.01989750856210347,0.1438783518833907,0.061916006447851585,0.2032872791560779,0.03181514040775979,0.014656836190995714,0.02575333937341854,0.02704994343208631,0.05799909571453799,0.0036642090477489284,0.014656836190995714,0.06221403015916311
0.02119437696457216,0.09426546228779337,0.01267035598813184,0.17868704494755172,0.06903223681927192,0.03572154330162091,0.10690939522431202,0.07359979499084925,0.24438410341673872,0.0,3.4601761085359025e-05,0.07416761366673591,0.026785147153701245,0.043290712548305424,0.025324569822433567,0.04340428089606816,0.0786589554513259
0.026023198661349056,0.09303860095652856,0.06473870629421159,0.17885283288003517,0.12830595810833226,0.053083309820168095,0.07677193258661667,0.0415242965806356,0.23491777525922558,0.07495091497093853,0.0,0.04230536971501198,0.06103195200945091,0.03423464886101605,0.0,0.02402100920856929,0.05
0.025368492357421335,0.096434209947418,0.05566999885568176,0.2467110191171781,0.12212592839626336,0.016120445226623804,0.08383034768956124,0.03620571409502889,0.20746599156781134,0.044983413956956465,0.005943498431491682,0.026724402668697914,0.06982570252104173,0.040268018180462994,0.02961121697175837,0.015231385817547736,0.05495291535957641
0.018860167199738598,0.09189713621096957,-0.012403354960318592,0.25912976294746565,0.053925281244625325,0.0899844945097302,0.09180931150429734,0.010193262615261461,0.19228780686151545,0.05601872158359539,0.016090218302522417,0.07226528877203495,0.057153803636656786,0.03337322563937736,0.017768822382917788,0.0,0.05
0.020021284139613904,0.10564726945916189,0.00020146417151018818,0.18964268934440917,0.054926290989943755,0.05378932401679649,0.08699083926717878,0.12164024803611864,0.15,0.0529820038269498,0.03435882495671418,0.032302747455139814,0.05077525623199555,0.049444292724806375,0.027015865754208175,0.04613161739573931,0.05
0.016872720549320208,0.08940685917123047,-0.034978070806519226,0.18266235078560644,0.0833408099757662,0.10238321461385352,0.11384734884513942,0.0,0.2114404470842764,0.02762689189212262,0.057262267057237734,0.0785605266192281,0.0,0.03207142566872406,0.030172732583677066,0.011856954300580168,0.06877503057378825
0.021597392195827902,0.10006190917095038,0.015964038754236076,0.21710247071831731,0.07505266288843825,0.033303460613897176,0.09189583459134154,0.08423695219829436,0.20377403672992467,0.03750938985296684,0.029591097849167226,0.05176412204715933,0.03320296203384117,0.06606810681084918,0.0,0.02649890366580311,0.05
0.022886672078829218,0.08783114628027619,0.032866155129270616,0.20255532778163615,0.054095873802936484,0.08181398116442556,0.11423099696385795,0.015847146919673424,0.2297091014219421,0.05275042205240548,0.021054603822249808,0.07085674751723355,0.04215204250524564,0.03784199918015757,0.02709175686823627,0.0,0.05000000000000001
0.016310807067036137,0.09581755839396226,-0.038502264040119076,0.22468562503248374,0.06026929259266221,0.11056705200192529,0.07736116568598476,0.0465269531362007,0.22422439969916538,0.0,0.019788494389178173,0.04552620653991646,0.05213129646563412,0.03460212278879852,0.020328086674994257,0.0,0.08398930499305624
0.02094843847753758,0.10781290604093972,0.008797077384941543,0.21187216076825097,0.10438025507943353,0.05878880934167103,0.16478365503184828,0.059644115368442274,0.18373593560303234,0.002213833710360058,0.004427667420720116,0.05728988615112612,0.04700073830419072,0.009898956536714815,0.03784659641288942,0.004427667420720116,0.053689722850600086
0.01681167542063733,0.08943905119153504,-0.035648014339226694,0.25690782283478103,0.11595085730351903,0.05808962632374953,0.022582470778132187,0.013988584151955119,0.19150747440745056,0.017922728600567425,0.06975563323564501,0.03701180368178731,0.035603908607733624,0.022405969468743472,0.0675312961105509,0.013988584151955119,0.07675324034342967
0.02490400752806754,0.09338068794692053,0.052516292564208526,0.2243607780551365,0.13905266042834605,0.01767836734251124,0.07768200922199048,0.030102213668550534,0.2078037695978082,0.045440948043452854,0.017011373387111485,0.06076064079575875,0.023331393098773894,0.022765054127419075,0.06412182968936413,0.004329374700474006,0.06555958784330299
0.015529504256645232,0.10045913673708591,-0.044500638653252746,0.24661699815524513,0.09198308065267365,0.030949186134713726,0.13007786686933756,0.015285458826732799,0.19836174408985316,0.013372075086024712,0.0,0.06357105194187414,0.005682005352174587,0.024169700822487407,0.06292776527658572,0.06378569431306395,0.053217372479233666
0.026192197000856288,0.0982188922164884,0.0630448670425625,0.21894830616204203,0.09171669573914583,0.029448043401890975,0.02626253194255311,0.08605383096988786,0.16068873987187027,0.07918878225576206,0.03926424753510163,0.028843268010555662,0.04902768338512305,0.08019871585645083,0.06035915486961674,0.0,0.05
0.023774040419148434,0.08883477108513087,0.042483819939511634,0.19721874426086916,0.08313517435592037,0.08117942744928221,0.11109069160634163,0.0,0.20829056480492197,0.038592157979580585,0.027620340208489823,0.06946212152711947,0.08114828204493296,0.052262495762541786,0.0,0.0,0.05
0.020987409340543772,0.09029690976949661,0.010935139896419031,0.17158330836915675,0.09946009330879789,0.07747753301710526,0.1203907512236116,0.0030151620114571994,0.17223309975471524,0.053807380052468275,0.08660981022923106,0.03849933769667318,0.02906386004593565,0.03524686309912451,0.041466613044127736,0.021146188147595772,0.05000000000000001
0.026237186969144677,0.09323400611206123,0.0668981976559924,0.18632686134615165,0.10882911198734338,0.04422751526723602,0.07104157690146641,0.0722587049260305,0.2189087808500587,0.06769163588556475,0.0,0.06279314411763598,0.042219893422558386,0.01748360016652551,0.034072216477033845,0.0067049184364129134,0.06744204021598188
0.02639202107017402,0.10209155235044926,0.0626106756436826,0.1536794126631221,0.12666611155004492,0.032361446864097886,0.1667133445190459,0.06476352522834752,0.1753515974174719,0.043354420452115,0.012248273045234346,0.06520209042714425,0.04000595804481673,0.007358825326244222,0.035446846511188644,0.020715793512589634,0.056132354438536855
0.024951718773403186,0.08994015474684597,0.05505570662337373,0.2240566519690315,0.0898515781880616,0.025515793493028967,0.08038158855915563,0.04266648119118684,0.228916947332152,0.03271288108338972,0.01973455835768864,0.08927209012136547,0.0427141342774909,0.063596526477356,0.0,0.0,0.06058076895009278
0.024636668867803246,0.08475585919030228,0.05470617503142215,0.22049754199525634,0.08069745193715921,0.027777027141921918,0.11278990738717493,0.009438740901514392,0.20953463812894488,0.056847052375081406,0.018386891537097032,0.07567693360040066,0.04831178098591303,0.03824455827044393,0.0,0.0193952758692924,0.08240219986979995
0.021729733772094972,0.09140330617652619,0.018924192618966718,0.19107484770743094,0.0619384885767797,0.07650889963346758,0.08467135220724331,0.05694777500056866,0.22867714625687405,0.07822335556035312,0.039735344446116885,0.046936552442741815,0.0,0.025467738917338157,0.050020639968066063,0.00979785928301975,0.05
0.02248236243046753,0.09652631612354626,0.025716949844955185,0.2139873347701369,0.10546487552073504,0.031382153908261746,0.10704776422468715,0.05724805918974976,0.17068477811405464,0.0751566711666797,0.0,0.054080709734927984,0.035396819781839596,0.0,0.028340401664017092,0.03647689394906187,0.08473353797584864
0.023934408201267576,0.08533968645048098,0.04610291371940471,0.1951557360907228,0.0849810081976667,0.056805995555402514,0.08275680755688307,0.030540092320194747,0.22000056880242705,0.05450784127476862,0.05274192230308528,0.08105640733916943,0.03060140169414823,0.0258852876390739,0.034966931226457686,0.0,0.05000000000000001
0.018298026557127534,0.09778302743540192,-0.01740561207308534,0.1844631123669854,0.10854740689107838,0.10107515921466281,0.08393274381128328,0.03930204484507197,0.19655533851337303,0.02129966503252535,0.04483313501617528,0.0674706610336803,0.027862491004300622,0.044673696452836975,0.02026669656025959,0.0,0.05971784925776713
0.017078851760662594,0.0919144125480973,-0.031781177275204985,0.19393108589232602,0.10069238239007933,0.05961311524178576,0.07247932945353476,0.025228333523017434,0.1877261405337406,0.04726281964866968,0.03536764363636336,0.06070228554339932,0.035286200829253815,0.0451322220351971,0.0010546173613995692,0.06539700093617055,0.07012682297506266
0.02277880305383273,0.0947835513562105,0.02931735532243965,0.1698007863391427,0.11933602173917768,0.09185220235068388,0.09522602640477734,0.01992537646094524,0.1726899905547447,0.07435488117323684,0.01992537646094524,0.0379182478306075,0.07086217153601455,0.03599304980768295,0.005586012496975157,0.01992537646094524,0.06660448038412103
0.01839103488118976,0.09479627210254328,-0.016972873332716985,0.22037217115582328,0.08115994822677364,0.04230466810808825,0.11575200164772433,0.05167213505807708,0.1804655626834872,0.006170757209351691,0.05343823192183865,0.08211284408828319,0.03469331494058898,0.012341514418703382,0.02748522985265315,0.028466221968402608,0.0635653987202044
0.01597413550357274,0.10692939440231954,-0.03764974560016709,0.2736019503337142,0.1172741458727377,0.03881446699627984,0.11523525225897374,0.026524033756171055,0.19222765939471623,0.021617270781207707,0.010268753781375924,0.010268753781375924,0.0034229179271253085,0.06893457156882837,0.002567188445343981,0.028349165564977914,0.09089386953717217
0.021502125686472695,0.09526231798472129,0.01576830921449564,0.24014398918890723,0.07959113085434316,0.051796272825719226,0.1140849040398896,0.030772468531114323,0.19666592837267088,0.029584769271953474,0.04399073737466756,0.023776738306697288,0.07002172186167957,0.03589937548750545,0.01788948079102187,0.015759375263260905,0.050023107830569645
0.02333573059606442,0.10374007714966256,0.03215469554020154,0.2315438118468366,0.12506181399134064,0.018513125081549946,0.10098982844854021,0.06954968556966319,0.19501865795424825,0.061437406189490514,0.018513125081549946,0.018513125081549946,0.02105101181346877,0.05123939835519972,0.004628281270387486,0.018513125081549946,0.06542760423462497
0.02291504520266252,0.09537824309771248,0.030562999568739528,0.18391841585013563,0.1377115212873473,0.03464624069658928,0.07864045629669975,0.06485976795182558,0.1914669069164742,0.03470871011389912,0.05101684696716694,0.07069664850494221,0.0491123092491161,0.016459616451750328,0.010531221572761906,0.02623133814129184,0.05
0.018755306683189588,0.09480330739174228,-0.013129218284201235,0.2346441993417523,0.057599933696019665,0.09108939222414764,0.10594535270552322,0.014639847286759709,0.21165910029804272,0.024767018039464336,0.028340842489288993,0.048160411911451,0.04123206210697566,0.05269024639972405,0.03923159350085086,0.0,0.05000000000000002
0.025691315576943596,0.09805452778823291,0.0580423536303704,0.1984784285539804,0.09129798971879184,0.021513478031229438,0.1269041960756425,0.06396095185131129,0.17290758621413738,0.020149560052300005,0.01795331469008724,0.04758832357499821,0.07658908761554205,0.048463070633052045,0.021377366153940994,0.019339072919684345,0.07347757391530224
0.022334180381573532,0.10195243945657252,0.02289479677009391,0.2047768169453387,0.11928719427911791,0.0772020634303014,0.11938393336053046,0.030490339343785082,0.17973773025023296,0.04297615054706808,0.013503596869515576,0.02631013526056398,0.07439448392752407,0.04447081543123006,0.0020960088425750205,0.008384035370300082,0.05698669614191675
0.021753046313881974,0.09018475674345168,0.01943838822861007,0.19756692989125768,0.06859977415113243,0.029023868187895784,0.1360441761949845,0.03792327709920556,0.18311008557693728,0.038824948494941176,0.04062616738264908,0.029925648225609718,0.057482182204852274,0.030048604440582445,0.0,0.05557627950788881,0.09524805864206326
0.023764418200469484,0.09297718906349632,0.040487545798988105,0.15566703366076065,0.04750255728790195,0.06834463592272837,0.11025886928531244,0.08458937564459419,0.18921746708696435,0.0,0.0,0.16535707566220112,0.06642508872362737,0.02890977090906876,0.03372812581684083,0.0,0.05
0.022486195602567927,0.09048067155109653,0.02747764312474089,0.21849589941657882,0.07043426446397609,0.06708580831844868,0.1112767045797312,0.021353871372665575,0.1717073961771179,0.04399192342707536,0.022136538068264953,0.10127723856870423,0.06361266933124861,0.01921782490047208,0.03940986137571653,0.0,0.05000000000000001
0.014991062240280018,0.10857841225679309,-0.046131985683062,0.2377803365194353,0.12606945548715232,0.05935007628122483,0.09974931314513398,0.029540271124934556,0.15184261920120393,0.002383451537959671,0.007643423943524513,0.041955452038384376,0.06061741925859927,0.05643151891612945,0.021174055472083148,0.05239157507222827,0.0530710320020065
0.022165603516006493,0.10097376636101629,0.021447189641948267,0.2086077876031737,0.07564500737566386,0.03797775678429919,0.11947891842506442,0.08298082267938084,0.17499485614195362,0.020481764509409448,0.0,0.08463231252099365,0.014927262205393298,0.04581662033667752,0.03768408815640743,0.0,0.09677280326158308
0.020858978593752298,0.10126606370182027,0.008482393433219394,0.167930273597482,0.13763246374331095,0.0702219419041311,0.08840731859193328,0.05488066930768565,0.18647718498689925,0.04956730471732228,0.00838086472514611,0.053947697589527235,0.029839855739506604,0.005100996424347897,0.06176580254829475,0.031596795770789644,0.054250830353623256
0.020939786586243736,0.09985461912084864,0.009411548454322006,0.2188573888187573,0.12929893324927846,0.06602030143687396,0.054586968855695986,0.05678740352349697,0.20337207855487227,0.08356026409930213,0.0,0.06382549991821308,0.01865150225517451,0.030611644948232243,0.012464401609086124,0.011963612731017016,0.05000000000000002
0.024476985404814355,0.08829400119207871,0.0507054312226141,0.20758677487163185,0.07939513517295878,0.04097182648787134,0.12460224185110758,0.027113553227507664,0.1958983162883756,0.03962605555423252,0.027349260257509594,0.10942492559771448,0.038680955418806416,0.003810245964158806,0.05554070930812553,0.0,0.05
0.023060265278628034,0.09000793587532056,0.033999949547416884,0.22320410675580363,0.07664447897113105,0.04072349348358515,0.07566050304144728,0.04601125974551179,0.1897659308822766,0.010645122195322584,0.038546373627740244,0.06121735188426231,0.06573441734840914,0.05702637999314428,0.024038062963355193,0.0,0.09078251910801055
0.021332699342900385,0.09815970889175861,0.013576846935945599,0.16451193464147804,0.1120329377306358,0.04129534665029923,0.08505298111644718,0.07699275978579753,0.20865531483930477,0.06805247281000389,0.0017749454215485654,0.06416356825403124,0.0231497590758753,0.018338466839213436,0.02090208936123285,0.06480614007057467,0.050271283403557625
0.029733178114367487,0.09722590437972407,0.10010889768999966,0.15,0.14236503501882153,0.06286987573386782,0.09127105935486608,0.03319065398306074,0.1661255262315682,0.11271460183130223,0.030432958359820496,0.0087801057464084,0.0588014017046492,0.06429701704181748,0.029151764993817737,0.0,0.05
0.02680052402429789,0.09729432450471386,0.06989641028823225,0.16899351850120378,0.15447954257408159,0.04959369262886756,0.04256616023770705,0.06541382624770514,0.20572761890426366,0.03525186550625716,0.0024972664805670993,0.03498821286812318,0.08813180629761462,0.03587999857856191,0.04202928758560246,0.010992514885922709,0.06345468870352206
0.02211007083627914,0.10020711549022394,0.021057095855483373,0.15995515791228795,0.1245046192215213,0.09144494398118176,0.10222268687405214,0.04889861608159289,0.1543614143038875,0.0761385301316906,0.04494430305978184,0.04534953767827522,0.040381000296024754,0.038246307651092465,0.0074700553126945185,0.008813803656104404,0.057269023839812534
0.018713564960920026,0.10489263192521203,-0.012264303178103078,0.18190320338435445,0.09618638599767064,0.08386354370003535,0.10198771177738597,0.08395561088700051,0.15,0.032209163978850604,0.050731846369717046,0.0758056066117695,0.018356090582507395,0.053326653216147935,0.005920719854663045,0.0,0.06575346363989752
0.026406866287743913,0.09780486017956279,0.06550662488532125,0.15000000000000002,0.13184348547155134,0.07318225446915937,0.08025041638967939,0.06351784334497883,0.2428580519320862,0.08873549856302433,0.010112908412759919,0.017670523195344894,0.0038489318345193836,0.013914120738150248,0.07406596564874617,0.0,0.05000000000000001
0.028747244281464912,0.09337359206659347,0.09368006615003556,0.1970433235947848,0.09480838709294909,0.0,0.16968450055311077,0.03851368490299554,0.19922483675215122,0.026432332101699773,0.019441529264793467,0.05409855668214176,0.04696674535766977,0.023050988702140337,0.050047401805170984,0.007485601848815544,0.07320211134157696
0.027132151569847718,0.09531268603876443,0.07482898516727368,0.18593527719106417,0.13362637783345352,0.01749151239325475,0.13315520275144088,0.01749151239325475,0.17338761680406162,0.06678042624299133,0.025258173356871614,0.05841534079690659,0.03693604391579781,0.06508186550162215,0.004372878098313687,0.01749151239325475,0.0645762603277123
0.02764302918482353,0.09696772749247257,0.07882033932801864,0.21137516034751735,0.06441632422891884,0.01578939038208965,0.10100875933683018,0.08365549085426685,0.1603837034542904,0.08926009197153377,0.02809445127041175,0.03869237432097644,0.03394703395309223,0.08721798395264548,0.0003573182856975436,0.0014292731427901744,0.08437264449893953
0.022911723206422874,0.0961588361956786,0.030280349904585543,0.19743636083483823,0.05957275283225276,0.06901552878018388,0.11157988346082129,0.05075060919182957,0.17353537639002609,0.02797880232957899,0.03292571243237686,0.019841347361038677,0.07948282641914999,0.06962484154826272,0.013793241801062535,0.010268698375207996,0.08419401824337049
0.021413027646905336,0.10937917184185156,0.012918617165509304,0.18940023559537064,0.08465501268046438,0.08208628333293,0.09639515738194322,0.09040556469595334,0.16205687930627855,0.050004568461803185,0.014785102338875773,0.03173600371837787,0.0485288405450631,0.0893027568288705,0.001277231413688339,0.005108925654753356,0.05425743804562781
0.021046095778856078,0.09540568490449887,0.010964711168975093,0.16264841537937413,0.09163413768847595,0.05665932036904323,0.09543386646724875,0.0638368837024492,0.16264841537937413,0.038371512644105356,0.06884785601393156,0.045864243866488366,0.04283417953621981,0.0575740242393955,0.006324207689687037,0.03624224472525028,0.0710806922989568
0.023661905050818,0.0892375214043634,0.04103548589415376,0.2107112957036141,0.08444855752966396,0.03889042919687902,0.10433656169641735,0.028802162028486296,0.17124261163616236,0.07339569396285472,0.07069143106364764,0.0342349463934941,0.0344515319798971,0.04609845919150289,0.016668354270035053,0.015579590669457336,0.07044837467788793
0.0131856383489517,0.10322633853066585,-0.0660137882254143,0.222200398043714,0.10295817187661688,0.08452145278403135,0.1028840108635347,0.042880537402255656,0.1689835614162656,0.04204822481679472,0.050477874879958036,0.016550002989271093,0.026614182942134273,0.015200731470781504,0.007030167423712908,0.054983406865278146,0.06266727622565127
0.022833160181748413,0.08913609064161199,0.03178465828324975,0.20527843692665065,0.10021861179027053,0.06198588056738169,0.06464120205552895,0.0250653653498659,0.22922995471853236,0.03157536414376555,0.0,0.07516065028306088,0.039295074803625124,0.05548653840583824,0.02392310344261846,0.0,0.0881398175128616
0.024699729031342432,0.08927801874639793,0.05264150232424429,0.18939294335763185,0.1034914251659044,0.05932679058264253,0.11333461996307148,0.0,0.22469839874872977,0.04913971457989599,0.0,0.07586782681374353,0.04451610074431573,0.03051715180752782,0.047729086845268075,0.011985941391268748,0.05
0.018438061723301757,0.09441736242609716,-0.01654291368201279,0.1952464525471205,0.04399917557834598,0.07326341903415128,0.1490517029676557,0.007254463139853573,0.1767955921385172,0.019431638736345597,0.014800417616331612,0.08495290147912284,0.034650021733769555,0.04844460269050085,0.0623188433641145,0.03918991715823867,0.05060085181593211
0.01925213699886963,0.09534213299004253,-0.007843992762449292,0.21135198876567235,0.09127706187166781,0.04451596317654078,0.09114828694613221,0.05794189434076623,0.2076580210768995,0.01672703474463297,0.04970563981311727,0.0639328451640799,0.02817564099728625,0.02688755856311483,0.03001275164403522,0.030665312896054703,0.05
0.019250004220152883,0.09311413720620494,-0.008054585504951004,0.24673922425376502,0.10216574774735583,0.034105690549091704,0.08202147665263011,0.016891082024458527,0.15102033049183625,0.07422794273140705,0.10069601518119069,0.015333086739940655,0.017301408242396635,0.052997082764611306,0.023753683463988748,0.03104667833760019,0.051700550819727124
0.02648352783660224,0.08685103770641907,0.07465112689290353,0.15365115873479554,0.08429429355057122,0.04319832408158607,0.13236553447408914,0.04957264957732791,0.1932544151222559,0.044954778780871736,0.03762032498293672,0.0786057255253893,0.021070765417457626,0.0,0.06239650948962442,0.0,0.09901552026309432
0.028408680532365116,0.10343187086661625,0.08129680399196093,0.18219188535284392,0.16352451936983364,0.0028980586701295493,0.1134246277610848,0.044120805453495456,0.15162827721257682,0.02257528339440462,0.04359447827497912,0.04226033955667589,0.059479986925249466,0.08759227824256374,0.0313963522242587,0.0028980586701295493,0.052415048891774625
0.023195301138134727,0.09373392359674518,0.034089057787459145,0.18377798437545365,0.07401441032925772,0.04670275285011562,0.093654157534263,0.09334430745469824,0.19210117661211737,0.00816632046651596,0.05941903617337478,0.09641506402102652,0.04907925691817484,0.013825139965133338,0.03950039329986908,0.0,0.05
0.02138410388312706,0.0959665528588671,0.014422773788307126,0.20481563359016203,0.10317304709073286,0.07896513451790547,0.058512266181758206,0.04553381608934118,0.19612913108394509,0.04165986082183911,0.026746743306702563,0.056056395064188164,0.04513712967277164,0.04003669378542122,0.0532341487952325,0.0,0.05000000000000002
0.02208600829908902,0.10382359480940637,0.02009185198141521,0.2231663272772907,0.14137666682176378,0.0015984591744833843,0.1148141069228732,0.07233889342826659,0.1912259421904854,0.02802802241237094,0.010875581711944011,0.05978686173290299,0.03974938570690809,0.00937958123789528,0.013274016141798774,0.04305410592894717,0.05133204931206948
0.026278583665486854,0.0915220536297907,0.0686018660691761,0.15176325725225265,0.1440919848180149,0.04629714174173499,0.08774710372584463,0.049091920449776755,0.20841408734135006,0.03304932054860489,0.05067329895138529,0.03942037154457193,0.04014801553866555,0.003526514504505246,0.06613376249078771,0.003526514504505246,0.07611670658800032
0.014880658939362634,0.12318056576743036,-0.04155964886784883,0.2434802701556958,0.11180690224228007,0.07215671629906319,0.05319844925776795,0.11934140898263966,0.17382704688486486,0.0017915116894555317,0.02108209758535848,0.0035830233789110634,0.013071393851124612,0.11676284468944681,0.012454607766124729,0.0035830233789110634,0.053860703838356255
0.01963051832871132,0.09036865292635932,-0.004088604392385559,0.18583075710114447,0.06766844970554321,0.08588530868294474,0.09776384585978376,0.029428081918757152,0.17199773020356549,0.0695959354095136,0.027587484348351916,0.05209328118411499,0.04378476866282352,0.029843733028073447,0.018653608174898115,0.03414419160785073,0.08572282411263486
0.016742554467821913,0.10095205271539852,-0.03226725405338112,0.2497316859061302,0.07141614365249799,0.06352407237301873,0.05488666001431141,0.0788154167481297,0.17647102444819987,0.014582326399940285,0.044977119093781735,0.053380021306842565,0.03208164489689186,0.03936755636741887,0.05368297643664288,0.00931819219428761,0.05776516016190636
0.028979138309310537,0.09580912972876678,0.09371902588751459,0.15353900143121818,0.12943279343045078,0.025372652861195593,0.09518241030379997,0.08972891982335535,0.2021209350350604,0.03361259728957496,0.04681413150158298,0.054288474825967895,0.05794633179201222,0.015144050228369356,0.04681770147741231,0.0,0.05
0.010851240059678524,0.0964160846805303,-0.09488831630775527,0.2556956753067139,0.10774988393927368,0.054483765547140205,0.06083997138636738,0.0,0.15662692579767787,0.0,0.030829570225902124,0.07884134296784959,0.015321930963677916,0.028515377817474697,0.07086989427881034,0.06474617505162646,0.07547948671748587
0.01582056110368346,0.1064133714309854,-0.0392755049493674,0.19387085994714237,0.12580576816580888,0.09729178816744469,0.0297404242710424,0.10184984493057472,0.18093260616827864,0.03126936683521045,0.01757362639082005,0.08118495310246031,0.011103640393936666,0.015028178325090328,0.0433750896829403,0.007648298751449013,0.06332555486780139
0.01785053100580769,0.09385389843971864,-0.022902287810376794,0.1804343288278544,0.05289394472712414,0.09202835909301171,0.12066072119701125,0.05985650997834602,0.17521953375754568,0.051722979166560865,0.08500098791793494,0.029175079174320606,0.00547600751575494,0.019290411035631252,0.026856540080309747,0.01642802254726482,0.08495657498132977
0.02603955638079536,0.0971687349732962,0.062155346392593694,0.16191703567237462,0.13013477282792785,0.030963684033125972,0.15467975917931923,0.023235617857473346,0.1899703996642303,0.01612981455034189,0.005272242931888709,0.10386847911914171,0.05921579864044014,0.0542372053036547,0.0,0.02037519022008146,0.04999999999999999
0.019564091766808733,0.09446211327237572,-0.004614635625759847,0.218808062411199,0.072728370148534,0.07004673783062623,0.08805021434378604,0.03341175688703749,0.15761837753121674,0.05089940955876064,0.01878377974774466,0.08537688883656278,0.020979871647351545,0.03913771826148009,0.06303889781625135,0.008018091411609533,0.07310182356783981
0.022257881819586656,0.1012580855626515,0.022298286670545772,0.20796547391853343,0.13778789950705397,0.052160707267518154,0.1030707505843268,0.040343218626737926,0.16895563503882005,0.006386197670027349,0.06154706554377972,0.028733826657395996,0.06300656027733692,0.032751695224661634,0.047290969683808116,0.0,0.05000000000000002
0.026861285157237624,0.09155862013933541,0.07493871299934411,0.20532758427819936,0.07748695202725268,0.042093060936445596,0.10411554452267845,0.05868070549504683,0.21621152636799254,0.05096126668292741,0.0030297943700684773,0.06053375032741602,0.07152356966609924,0.0045682007840912205,0.04881449847554424,0.004128717424514294,0.05252482864172374
0.019537507785935215,0.09281206403578715,-0.004983104501225767,0.18018435124866655,0.12001706311606862,0.06738443982666206,0.1009139369164431,0.026696436402845553,0.22123414897395702,0.014713502269802193,0.026696436402845553,0.07949824993692789,0.030347422663674312,0.026696436402845553,0.006674109100711388,0.026696436402845553,0.07224703033570462
0.0242030799904156,0.09821276817276194,0.042795657515956965,0.17739094598091815,0.1168545673884148,0.05909120812545404,0.13650965791732797,0.019399303122242063,0.16664959074036456,0.06881855427354332,0.0038039379643742357,0.05035844280320854,0.0005897834870473176,0.036741476979738064,0.075,0.0017693504611419528,0.08702318075622506
0.02531397919547418,0.09179353766622987,0.05789055886261098,0.19704252020746013,0.053709238937179396,0.04683692378314689,0.13418439815143823,0.06150973503364725,0.20222458362288948,0.0292586466100375,0.03004570629353415,0.08334838494968724,0.06154545070424484,0.01999990344806113,0.030294508258673736,0.0,0.05000000000000001
0.0241431750338581,0.09596879885571523,0.04317210471798419,0.20373621958962557,0.09305595335353967,0.03829149779697302,0.10907854606375365,0.048716610582644176,0.18007242114189914,0.0052530136266593155,0.057754740783766426,0.06968972155200656,0.0718738892665037,0.07247738624262873,0.0,0.0,0.05
0.021023207353120243,0.08982732994047203,0.01139082452743854,0.22828944020662062,0.09800748348696316,0.050419021082763464,0.1332015240371267,0.0,0.22875115788170722,0.028091969028216222,0.057587728496354226,0.06254487461650672,0.005475995496064818,0.006423456103432045,0.0512073495642448,0.0,0.05000000000000002
0.026589817097379065,0.09501185635121581,0.06935783964708041,0.21664087845969193,0.0900653891000635,0.02041515200510578,0.16945892259298842,0.020629219394484286,0.16243420709536077,0.04497355045208508,0.007329434042703584,0.07349622252359966,0.05607369496519022,0.03701310005110562,0.0214377755585627,0.004273148482406515,0.07575930527665187
0.011078325306278947,0.09889290143003121,-0.090215521687705,0.23143348565438818,0.10319581453667592,0.08136837557402557,0.0570818431253376,0.019468365534323566,0.15535843619274348,0.04903804597951776,0.013572679690874345,0.04772740316292434,0.06308056216308229,0.020463060291367012,0.0026792180963717393,0.09660198301046236,0.0589307269879058
0.022016697683122866,0.09704281781919703,0.02078152436669993,0.15,0.08926439194685114,0.08452441719901278,0.12592256972795282,0.04501854955195288,0.25491517266058983,0.035038672652097154,0.004729771444206645,0.0513836101351904,0.01026795874677073,0.04483729379699033,0.03363658996623748,0.02046100217214766,0.05
0.02304343450941193,0.0976847193229897,0.031155686687791617,0.19050204521270409,0.10234281456753805,0.06568120364925761,0.057892381226690576,0.06990875559786504,0.18806385450668936,0.06243125942392382,0.01672851509249066,0.021777183771206812,0.03659977582733769,0.053484381157989036,0.03966043574960375,0.008251175389052385,0.08667621882765114
0.021061910127411654,0.09952784200675814,0.010669478067650132,0.18553800091361417,0.08452163428624188,0.027525909036112663,0.11064157936794441,0.04990207470703101,0.1752865028369311,0.0,0.05692289304665626,0.03643611447400685,0.04353516649417383,0.08897386566464442,0.04397496026331631,0.04674129890932724,0.05
0.023827573301531846,0.09130892570824244,0.041918939160033634,0.1999183240805324,0.08211848522852473,0.03750091784657125,0.07074383622575219,0.08018550706434587,0.163832252612148,0.04107984040712892,0.04309194079689492,0.1271508699841014,0.04987134129584264,0.017620678656316613,0.03473528926253472,0.0011731181123489194,0.050977598426957434
0.01905534654049279,0.10422662059663422,-0.009063456668743952,0.23310959884633528,0.13071958540106504,0.053545046091593426,0.09023687138888106,0.030605729147677115,0.15,0.002613676341126379,0.021525223103617194,0.059091901129136294,0.08873865845257038,0.06338306752370472,0.0008683827122171567,0.025562259862076095,0.05
0.01916642077148345,0.10260036927330202,-0.008124524642753492,0.21261959208836662,0.10865240159635825,0.07921413131056607,0.07013302953174246,0.07245771566642611,0.15,0.08081946080780703,0.0246815559463858,0.05921109441169773,0.0,0.009658155953513846,0.06139096147492312,0.0,0.07116190121221312
0.02281454756693191,0.09128064891466119,0.03083400041955492,0.15474052618336348,0.054136603477031774,0.09869901630295465,0.11609874220926773,0.05713700806215732,0.20964790342275785,0.04979925230436228,0.005255045659072319,0.09167529556294055,0.04447511265234721,0.005255045659072319,0.0456237436364294,0.005255045659072319,0.06220165920917088
0.022892562399415617,0.09027000658750745,0.03204344952175866,0.17586122021540257,0.11640114238655341,0.0605361822828292,0.1223206565909708,0.013294827725478554,0.23132849229996505,0.04154716494811137,0.07352025126481884,0.06013126823558438,0.0,0.04693128947878862,0.008127504571497178,0.0,0.05
0.02231536159721781,0.10383496150341653,0.022298477927799154,0.190257511100686,0.11677820773574396,0.03039129884793037,0.05834308259397166,0.1124223418425235,0.1768036375044582,0.03333438081280062,0.013444996274098434,0.046402956107369706,0.04056217471315975,0.04402929823888296,0.030112733744797174,0.029003900860017202,0.07811347962356036
0.021207503607381994,0.11106276639768319,0.010872263014395643,0.19838350828198184,0.0955614436812973,0.07498754073278319,0.05159925843884635,0.11605203637466507,0.17707103630978321,0.03184755595255255,0.0,0.024170694715713068,0.07100654321877688,0.0882032180271785,0.00434578211424221,0.010264584048917827,0.05650679810326178
0.02164467028211492,0.09982978294016741,0.01647474564880749,0.21024830792740734,0.12590983262859287,0.07316531463074016,0.06495313164308009,0.04855302628964064,0.20101598231005188,0.03493825185056505,0.0,0.02979711124361245,0.0639172610694802,0.04875778797000012,0.01256946728908065,0.006475643204672624,0.07969888194307581
0.023090962682513316,0.09337426011884337,0.03310294163058696,0.18647595575255346,0.07493300585167179,0.04316371727849763,0.13063843736727826,0.05594019017923777,0.23652382124823512,0.004324757881586422,0.027415165402539375,0.010722208475361853,0.036941836140902004,0.008649515763172844,0.0699925098629315,0.022575991414856687,0.09170288738117532
0.02288407935922243,0.09515488739822386,0.030309313983553347,0.16062214950092282,0.08288274853627774,0.0973303263296105,0.09495356658188088,0.056481244402994735,0.24011094784030518,0.030006214962801016,0.01221921988486409,0.03273702162338713,0.07156948013116157,0.044901162441266455,0.003784014642277068,0.01221921988486409,0.06018268323738674
0.02451034011921238,0.0877213367568191,0.051416682485310686,0.19427784289401437,0.09064593133639964,0.04718982374801757,0.1165499383164559,0.022303521015364113,0.20882502697514452,0.04236820011972352,0.048929673012156075,0.047470943957072534,0.02867264386715356,0.03846469296568668,0.02851634736289315,0.0,0.08578541442991841
0.02309615474059523,0.10252763072657352,0.030198247230078218,0.22145010506224794,0.09201009965713436,0.03175097220655185,0.10650242590041974,0.06906882753063413,0.14999999999999997,0.05965256820799024,0.04991393614660123,0.0,0.05371819054250766,0.04658117585817472,0.04282098372036069,0.026530715167377344,0.04999999999999999
0.025870918826625733,0.10065904108669317,0.05832480384518436,0.16311328258313715,0.03567587995840571,0.08504983301722166,0.12011891704654028,0.0876229835800183,0.17373323408765406,0.0753198653166922,0.0,0.03814248944339689,0.052449374119897293,0.04647565322687082,0.07229848762016564,0.0,0.04999999999999999
0.026594610784918427,0.08649710318950757,0.07624082820982123,0.2042652702866701,0.09943512536332458,0.03954088391781099,0.06423917091167108,0.04853614250299142,0.17923392155317566,0.046688775907370604,0.06188402053882601,0.023644336313238222,0.09042815463115905,0.02031167755738365,0.03564169159817186,0.0,0.08615082891820677
0.02379389341128424,0.09725652829096793,0.0390091387997506,0.1967966359141573,0.08865015176985977,0.03294549950507351,0.09185350943948284,0.06733298513734708,0.20712251616711821,0.049764151919527114,0.00847181741610956,0.04601628803756924,0.03462546637119147,0.04406952416598023,0.048485737069305396,0.031007485562325066,0.05285823152495344
0.023161176263218675,0.09932881218402047,0.03182537064232838,0.21828017553376533,0.10565172361968096,0.016825257792259365,0.09847483441833726,0.05162136244928814,0.17128142750834136,0.03686338766170616,0.04960575426160485,0.04546022989475126,0.0293219521581723,0.09156127430155243,0.004206314448064841,0.016825257792259365,0.06402104816021613
0.015771457758764207,0.09774492317860983,-0.04326099099294349,0.27089984035087067,0.08790181867904691,0.03391464169238588,0.09031402615965399,0.015283548271082215,0.19453065842444298,0.0,0.00975087127482151,0.05609218731330372,0.07078114022759636,0.05432757879199855,0.0,0.06178773796506471,0.054415950849732754
0.019086786583266235,0.089267918682169,-0.010230029222314295,0.22568304727639996,0.07732105883453218,0.034691983982238016,0.0781778837904481,0.04366029556080606,0.22885973396652126,0.04677309584123458,0.033559495934001725,0.03788569233129666,0.05442599053008368,0.0,0.01975983329911644,0.06920188865332125,0.05000000000000002
0.022022152012867613,0.09000073983208232,0.022468171002154157,0.2001099716283513,0.09434953721308871,0.03620116224587639,0.07999122543729621,0.04583581294690879,0.1854800162815263,0.04977321694721669,0.01114343160740068,0.12129731909110637,0.035479700618657246,0.03871657639967431,0.0013645253383011877,0.02813940681991033,0.07211809742468533
0.01952587951777618,0.0965782527094703,-0.004909184717289153,0.1643580735268336,0.09522681454799217,0.06315863608306324,0.08969826691681046,0.05598331666836325,0.18271037516562855,0.008932567793525633,0.02847690758636479,0.07668000544760199,0.04276080445496704,0.045056219033812135,0.04176574492968157,0.040304654856146295,0.0648876129892094
0.02471344499246464,0.09614032601403193,0.04902672154218303,0.15406979988595235,0.15605833809478628,0.04359370750574891,0.11941969859277209,0.02567051930653121,0.21992690200643442,0.0,0.013055962304575112,0.055578918480599426,0.0552746963743547,0.052209601522739436,0.0,0.019289299517594862,0.08585255640791124
0.0214031449909986,0.10369953917268165,0.013530870071293838,0.26383473503925653,0.10747986100516231,0.02922607098090176,0.04781346393570493,0.0982512857665554,0.2153218396235514,0.04242156061568447,0.0,0.03223445207996641,0.06212432991484347,0.032213421868031195,0.0,0.01907897917034196,0.05
0.02430527158190121,0.09418720730952337,0.04570972751907785,0.22418903790946035,0.08173752480816168,0.02573278599273862,0.10257646735888742,0.047513490487127726,0.22341366930905215,0.04023414536144328,0.026554300669571304,0.045718576979332445,0.04509972643085043,0.06431494517631721,0.005639578038835122,0.017275751478222186,0.05000000000000002
0.025713009955705246,0.09196421173189989,0.062122099979067806,0.1561326245912198,0.11514102650091351,0.0726552007447685,0.10039409935862442,0.012265249182439594,0.2143035156807908,0.06302831322929697,0.012265249182439594,0.03396792570053361,0.04357178415682561,0.058161362398264464,0.04103091349713795,0.012265249182439594,0.06481748659430571
0.023289945490852615,0.09562831548726236,0.034403465899081255,0.22515015925799378,0.06849189909576571,0.04015473274559423,0.13286089291807257,0.047424994308888774,0.15000000000000002,0.0923918455570669,0.02228290737963692,0.10711964474859131,0.001147520980875255,0.020559520086830832,0.04241588292068369,0.0,0.05000000000000002
0.026407800656792713,0.09316057414082797,0.06878232252096511,0.15000000000000002,0.11180677339355113,0.04279425879853609,0.10270828339686496,0.0601668744884106,0.20169734885877172,0.02826135590985407,0.03437890655942348,0.08761304465196601,0.03858205595293771,0.06677118652428299,0.0,0.0,0.07521991146540129
0.021519188139498713,0.10459603020634964,0.014524338414198134,0.1663930930655441,0.13173215437905375,0.07435183257166375,0.11948050503869907,0.062177073621632724,0.1636285830806201,0.0,0.06323700483453333,0.013452347797356618,0.07680423163110413,0.03720129440966761,0.0171512736375061,0.011882896458888851,0.06250770947373002
0.019305573888966476,0.09350134755893234,-0.0074269101907417845,0.18482667312388984,0.12164529682276679,0.08009572146790624,0.0855726715787033,0.02353408798209214,0.22766877407676514,0.0,0.03695333268235661,0.07781219895321032,0.017048047453753785,0.04794631539836066,0.01953843136431095,0.0,0.07735844909588423
0.02387681926282026,0.09943308569526134,0.0389892281398345,0.2002225081706529,0.08038368058874831,0.0760778612026224,0.0883750647165987,0.05404885161279522,0.15077537260514443,0.07103932174708258,0.008265728662991847,0.02867408357643229,0.08557607942176733,0.042288920038950815,0.05065962715033483,0.013612900505878347,0.05000000000000002
0.01851141279144719,0.1164986292196027,-0.012777722952832238,0.189406939036062,0.12471511324939556,0.08783951071805526,0.09565488074649375,0.1200801650680427,0.19222914093898438,0.0011854308194647022,0.0,0.01070858653069516,0.034803920805810774,0.01654067229809423,0.04790995368745546,0.0,0.0789256861014461
0.02506326593470143,0.09289603440277264,0.05450465100316819,0.19621334618401826,0.11928436132689943,0.021959822148568644,0.13309676081702598,0.022640172861492818,0.2089051470601508,0.03638945423420734,0.040922144106950574,0.05517770054793441,0.019984166925382584,0.013837952150998374,0.06698259555940332,0.01460637607696748,0.05000000000000001
0.01665439315214101,0.09830616765646497,-0.03403252234946593,0.20152836338521105,0.03770355240033006,0.07083689462005757,0.0877271671906784,0.08696728579361022,0.20458319756993956,0.029246928193123686,0.0015215572771717992,0.05826663675806446,0.0363909856922253,0.04945812711431396,0.0,0.05259352051081829,0.08317578349445565
0.026603981909317787,0.09169110958767877,0.07202423374539697,0.18854961873093035,0.1464816949999942,0.020310713144115283,0.09637760745444181,0.004786271646149198,0.25306163144469845,0.0,0.0,0.04296264133819916,0.08656475081617343,0.05252394914282092,0.026317705463518484,0.03206341581895864,0.05
0.021491719663731645,0.0911717376601975,0.016361645637284802,0.19905187388923437,0.11948592406313148,0.0313219779465095,0.05540582736376399,0.050322371209782266,0.20747484364399058,0.040784314183285916,0.04930426080442081,0.04766699087077597,0.04123742180575452,0.02885502251885372,0.02654383828182642,0.042752019245489596,0.05979331417318092
0.017383311317875183,0.09815827701684267,-0.026657850582236974,0.1796789405706254,0.08933018014015223,0.06432122853438099,0.09582857940902456,0.05666726572474173,0.15,0.0,0.05627217950072119,0.06435910148419129,0.03712921825094747,0.037171565534568435,0.05654793827240804,0.03730172745245697,0.07539207512578155
0.025945440922496843,0.09173256004380592,0.06481276571435114,0.16919994712052594,0.07391910188338564,0.0005388107521831197,0.12231275171837198,0.08918127117497536,0.2417610191157956,0.07377721167204933,0.025102274474981746,0.050698848265582734,0.021253917395291238,0.019784313226408032,0.00013470268804577994,0.06188682155225094,0.05044900896015261
0.024626337718191893,0.09601218862780042,0.04818490010811327,0.20028133640143414,0.08590691541089124,0.027109140794286786,0.11457976667961133,0.027981341629816615,0.20239988896910244,0.04900525905631605,0.014745954834289388,0.033759708446295555,0.030214978517410604,0.07809662481779077,0.05512628523794664,0.030792799204808464,0.05
0.018784600805465956,0.09880175895265689,-0.012301392276998127,0.15,0.12552848883851633,0.07408380541270705,0.09507232832948097,0.03359263838201467,0.15,0.07289740416553527,0.06487434010416393,0.041938986378729434,0.02114469173959871,0.062082540655273154,0.002299384106186964,0.05648539188779343,0.05
0.027923308666624402,0.09589106126324853,0.08262823001690055,0.17982973121877693,0.08308306653088939,0.029827726533618093,0.11403196514119776,0.06625406527163917,0.22204522033489846,0.04617814499067118,0.0114734140868552,0.05699475186762764,0.028709406682818402,0.06243236441092384,0.04914014293008402,0.0,0.05000000000000002
0.021714852369236537,0.09750962183118647,0.017586493897036894,0.17647146151693274,0.11621030909193689,0.05938025922086684,0.09422988869460078,0.04789076442148076,0.1720029586177919,0.0,0.05580590458616979,0.043660457576074375,0.07506636816916215,0.030798392758862862,0.055314958166324736,0.023168277179796207,0.05
0.018408148839963,0.09941482751717462,-0.01601221065099163,0.17607279423734626,0.0806526703448444,0.07623625258671891,0.056676191682847835,0.11145950795416046,0.16454720477716875,0.000585271143302225,0.07630609299806787,0.09956285505972678,0.03735860713944768,0.03284386154090347,0.03360039718865809,0.00409829334680726,0.05
0.021850712191999522,0.09999932180798211,0.018507247434670044,0.14999999999999997,0.0570478091030064,0.09198119983041432,0.13359112899872788,0.033074484928254745,0.16334073126556672,0.048381171561552826,0.03674240948820295,0.07372496586993436,0.0,0.10976429971297617,0.052351799241363545,0.0,0.04999999999999999
0.019143597587230277,0.10187702171974714,-0.00840623722909368,0.2152380617781363,0.10036954814950738,0.06932631798136617,0.07611198600379561,0.09038833411932967,0.21467392883203493,0.0474205355064827,0.04494867391193063,0.040755387619946154,0.0,0.0033112176350097054,0.04498724387712336,0.002468764585337327,0.05
0.019149987719102146,0.10167556399208409,-0.008360044906798172,0.2081704458360328,0.02657207875601689,0.060118232780724506,0.12354992721235689,0.11156839144481273,0.20026208906405826,0.0016937953102055124,0.03410800857968232,0.09494625066112464,0.032778942829823084,0.04640057640397241,0.0,0.00983126112118993,0.05000000000000002
0.021072122807109128,0.10107541955903529,0.01060715663399182,0.16608655353285762,0.09326794219641957,0.07998182422287578,0.13836567099567446,0.060257626318791106,0.20576651509200702,0.041622478600266605,0.023284529419827314,0.047724863170499024,0.0037797422041649232,0.01173793103682826,0.0573357410868813,0.011339226612494768,0.05944935551041232
0.02341847958116583,0.09701495799218014,0.035236623835278834,0.17719311122460146,0.1353710091573342,0.08655608208092912,0.10117964814409561,0.0,0.19393762427196595,0.02750943701386458,0.02640640888682632,0.02820649308351153,0.06576754615301018,0.05115130181604245,0.0567213381678186,0.0,0.05000000000000002
0.02586237352917542,0.09536157564362255,0.061475216717095785,0.2006837135869815,0.13133807306130937,0.04264688002176267,0.09421959733662061,0.03398310113464518,0.1763375876857245,0.05941244500872186,0.02138310045321278,0.06842818265222987,0.05512005645444732,0.030229468052007585,0.0362177945523368,0.0,0.05000000000000002
0.01631712945373387,0.09874820896216578,-0.037295568040906744,0.20221911251896552,0.04172099771220117,0.1030222728764577,0.07861022436631011,0.06772009482339805,0.17317680481868897,0.05470556253954212,0.026144825517066077,0.07802769485629103,0.03359279349157684,0.06188689332324142,0.0,0.025930143472595875,0.053242579683665095
0.02083557382627288,0.09478483005233307,0.008815480555396238,0.20343363961526384,0.08266176734544008,0.06741134854474261,0.14282885129584919,0.03097564439252864,0.2094371871722316,0.038047485587542604,0.036440271133424365,0.05458972200404222,0.0,0.013742577039361617,0.045813334023236174,0.0,0.07461817184633711
0.01951418652723058,0.09895023498355893,-0.0049096747759127535,0.19739463099114538,0.07836442697963576,0.06862593565277277,0.10401469341332473,0.054360094233904546,0.2218621917681097,0.04796757010415918,0.0,0.047679746962415795,0.0,0.04032356641640594,0.04734480049050063,0.027684014101320997,0.06437832888630451
0.021924324180508714,0.09673707577567985,0.01989231290152868,0.21395065751711073,0.12182109314481868,0.013696286331187855,0.10661470170244657,0.059534174255952484,0.17035454859848884,0.04716681399449566,0.056881704362546866,0.0803552004353084,0.005115619381903768,0.028428913172458513,0.011649703616227162,0.02016004436490019,0.06427053912215427
0.023764856447154648,0.09050874911731593,0.04159660236022821,0.17119306044990698,0.1132221788398509,0.048444868942612615,0.1515483226797142,0.0013298501284237465,0.17123910388089822,0.0,0.03227218619595643,0.13736180785540192,0.044593675463069554,0.026265922220938518,0.04073730683027261,0.0,0.06179171651295437
0.019386856236626615,0.09919097265458818,-0.006181447232184428,0.19545264891588873,0.12275625622169914,0.06080318298013291,0.09387516752594716,0.054870141893906065,0.21603348209487505,0.0,0.06204954535651344,0.03775575365721894,0.031690638027107386,0.03393168608201875,0.02055355966717409,0.01566515723796157,0.05456278033955675
0.020651623325082413,0.10860056341985325,0.006000183650642919,0.1517965758880756,0.1045136208501593,0.07106119966766525,0.10353568353715603,0.11417288499366439,0.16645915568607855,0.02833622253347079,0.03783373974606086,0.08118440075129989,0.0011977172587170535,0.04913550082843215,0.03418585333627645,0.0035931517761511604,0.052994293146792645
0.02568131442793553,0.10098269340838804,0.05626027823361282,0.17407871626763693,0.08813417636924553,0.008667468587966425,0.11614987764938393,0.11515249885630659,0.2109571490764563,0.0027798389717097706,0.04481432555695204,0.06757631041297975,0.013105323036414736,0.04224383484166111,0.05614773747701776,0.005559677943419541,0.05463306495284963
0.018251988930493734,0.10502485478726944,-0.01664378468360568,0.23382245280088576,0.1261725735705718,0.07783202663546915,0.09071149636691964,0.03327689317259378,0.16875739496645145,0.020860288738692466,0.0,0.07945606159495242,0.04029239091247356,0.03846115151883938,0.04035726972215055,0.0,0.04999999999999999
0.027323737245210866,0.09006194410122255,0.08131888910791844,0.2263841741659264,0.08386602837770507,0.0020170519469777646,0.11279510897143212,0.0259669317269035,0.17947003699856295,0.045085988683503796,0.017196972181809617,0.10900141065472052,0.04420783990223943,0.06579957181625044,0.03224412972604202,0.0002352988487381577,0.05572945599918806
0.02307548390977665,0.09304451064860664,0.03305389956202329,0.2306917703244133,0.059738862764818004,0.07211795084238733,0.1159546202473613,0.008227149752335126,0.1944511824619228,0.05848773456408941,0.03372889299068034,0.009568146712346529,0.05155810649743965,0.04464283289482805,0.07083274994737822,0.0,0.05
0.013332858169464057,0.1076376745668746,-0.061940597075921505,0.19854922537607275,0.0832457754187875,0.08374841509873043,0.096830896687581,0.06829152826079615,0.21512295049514427,0.0,0.023708410230566794,0.028005272758489026,0.018203516576526486,0.06649121900681802,0.010312367330118595,0.05749042276036896,0.05
0.020786732637929184,0.09614109296189957,0.008183104785806453,0.18860300988285347,0.08232264467621123,0.046152495862246526,0.08819025470797442,0.0809982239515559,0.19595335193251043,0.020853728971190748,0.029513767566716934,0.05322567395184025,0.04402559397921209,0.04763071479041898,0.0,0.03263708938827821,0.08989345033899086
0.020235901806882506,0.08678207037899496,0.0027183242558315814,0.23599147489881178,0.05675516088151926,0.05495576542534826,0.0814067370535357,0.030454095004647998,0.18973429469978337,0.07659699627629481,0.03396791793309035,0.06524724354993684,0.06879452899788746,0.010230183104345238,0.0,0.04257841906818364,0.05328718310661543
0.016204281754577332,0.10403199089326967,-0.03648606753394577,0.2347354765492431,0.08472923751526269,0.07549847073538363,0.06857380104703187,0.06470316621946698,0.1834980539755589,0.02586221325720516,0.03351609713192777,0.015101485471687512,0.013963891401212685,0.06484903528323743,0.039072705337530975,0.015101485471687512,0.08079488060356377
0.022547956371826938,0.08671681432863788,0.0293824950968648,0.19355496020103263,0.13443352737522052,0.026008818593873037,0.09846146821638083,0.0045619968131744406,0.21257513547428283,0.05943126198429458,0.06152615692772587,0.034023109344279774,0.04414639637055782,0.0045619968131744406,0.017277584877169534,0.05563592299785499,0.0538016640109787
0.02022475923219247,0.09903303765271713,0.002269537898864011,0.1875535753588581,0.1319633629545609,0.07933997613766595,0.016779911950541796,0.06963525587616627,0.1566798132092327,0.04303894077859288,0.038406175542668265,0.06846906830335324,0.0689746887769897,0.06132667607290031,0.003339906604616364,0.013359626418465456,0.061133022015387874
0.02616453543559394,0.09134857166967635,0.06748365434640166,0.20213917673470308,0.11378113621804678,0.03375773120660028,0.09510777665159859,0.03728674798126791,0.23854068843348142,0.04739044205920243,0.02656284804218872,0.04729603255226394,0.027995786692167287,0.0292044480100898,0.047054152147304185,0.0,0.053883033271085595
0.022243777348669003,0.09014785521984761,0.024889969297627792,0.21303426342667564,0.12574397303249918,0.021126813814494914,0.07695590326536011,0.02316764664336497,0.2081121728357281,0.027728917933044647,0.03286882588832074,0.047341062185843025,0.04040175221333639,0.021126813814494914,0.05317984221018828,0.03671859407987369,0.07249341865677547
0.025415549911683266,0.10026617268858905,0.054011734630612776,0.20836555501378856,0.14111263496405335,0.031227258137663676,0.08566035627549563,0.03635511324430771,0.19145550503738187,0.09860792402075891,0.009740722804996976,0.03702736044929705,0.005376532802002643,0.08139537441829757,0.005817671022794948,0.009740722804996976,0.05811726900416415
0.026389915143313125,0.08523760416381015,0.07496591681569259,0.18840375573281773,0.12262433213033241,0.055374565058909836,0.0905367468917338,0.0,0.1862445942231448,0.05188247708393095,0.0,0.08742845879580978,0.07619068549522784,0.00611322887910899,0.04742465197014105,0.0,0.08777650373884262
0.01789348789263112,0.09843617185436405,-0.021399776806491987,0.2650677492363166,0.05860111415260863,0.07304234380463726,0.13830862570582142,0.015215918450345485,0.17836053704693458,0.0279864810203183,0.02407084916226733,0.054618683488174516,0.040882962602784255,0.05158273627049234,0.0,0.0,0.07226199905929927
0.02377638099911228,0.09135055505946277,0.04133944229078981,0.20776449079745904,0.052436661113097985,0.057966406610805536,0.12198122085051291,0.04021944983952631,0.1622625359809155,0.0671573174530269,0.07522317857811761,0.03247362498749559,0.042793136438910584,0.052606941310392105,0.024187572412924477,0.0,0.0629274636268155
0.018502116894385967,0.09892887165472004,-0.01514101071365618,0.2091433442403123,0.11225772454655983,0.0568645820110801,0.09880452903963274,0.04143274762264435,0.15,0.06997727486737423,0.0,0.0787939771229291,0.06570636946561997,0.0,0.0032031826492496104,0.0638162684345977,0.05
0.02683980167409139,0.09419894382092893,0.07261017370952451,0.21296848167802218,0.12475416393728488,0.02479099251252946,0.07136860395294507,0.048437810144258325,0.1868726219665635,0.09551998668683602,0.02430048224583755,0.02676409258138143,0.020750022050434015,0.05798140693463647,0.018886904966212273,0.0,0.0866044303430588
0.018300943537652437,0.09620666647341795,-0.017660485750402917,0.21921138869916998,0.10752392781785507,0.0843368683619339,0.06724017434947116,0.039912843440572096,0.2580523741723486,0.001765275509108348,0.0175452541113989,0.03564581341457351,0.04382996515823801,0.0132096242586663,0.046415839111763765,0.012368525746386446,0.052942125848513925
0.024038703439440257,0.09291804026008645,0.043465224063438494,0.20888298012300585,0.0946503765515308,0.08566146929638549,0.07419789760081247,0.01753822847641924,0.15,0.1015828681849753,0.04261001903829317,0.036673345891782484,0.08013351530774047,0.05806929952905472,0.0,0.0,0.05
0.021348183401697307,0.09656240838368885,0.013961783102388315,0.18567646572376986,0.09354574658315042,0.021336844035789344,0.11957688895188563,0.04852440295515703,0.17639319477433024,0.02955904979265384,0.06146905202045299,0.04494449843131009,0.018816520072616104,0.06866098618494455,0.02200099704887444,0.046885586616818416,0.06260976680824694
0.02029002844098038,0.09604102250751897,0.003019839162558607,0.18583373492982871,0.07564764067895678,0.07068759977609647,0.10450584450128507,0.06481216855334826,0.1700765077264862,0.01108922222672199,0.040615651090777895,0.08476814674947766,0.06505270164082509,0.01825858013178382,0.03620146784615727,0.018711763800935147,0.05373897034731949
0.018723785293554007,0.0965982110941712,-0.01321157702601597,0.25269102588095504,0.04603728707986375,0.07489064747696657,0.11313232553000527,0.04840686259461908,0.17052528593150174,0.0032909532537080633,0.017731790135624342,0.057454822268867986,0.08915407702350107,0.006581906507416127,0.04159627827706079,0.006581906507416127,0.07192483153249409
0.017456818003135588,0.0973673329550104,-0.026119458340709778,0.15981872210679804,0.18162659849271295,0.06175036407032025,0.015140588793261313,0.042887694483392996,0.17790380954261395,0.03509468252007024,0.035746657197206544,0.06338185272542499,0.026568913443730767,0.019637444213596113,0.05515278874367965,0.0589253468225288,0.06636453684466342
0.018209540928564527,0.10312670230237306,-0.017361740766089376,0.19169067412212,0.0835219782469526,0.09965173670927616,0.07963737773038311,0.0675495635268625,0.1824927354185363,0.0,0.0,0.07465251395433972,0.06608184562308246,0.034860678305314315,0.05772061594818955,0.01214028041494328,0.05000000000000002
0.019889264441143473,0.09050249900452738,-0.0012235635487920415,0.22212927488577214,0.019265545633130297,0.04860922926233758,0.09030583077911147,0.06984232854292509,0.18233595598698557,0.03959083733473328,0.04884282299992949,0.04056866316727679,0.028266860188158424,0.030022806912148745,0.06790339469450705,0.026743279448269746,0.08557317016471448
0.027915260041351475,0.09550156934740732,0.08288094211895125,0.18698553315014146,0.10789629270803429,0.0,0.12096519249851583,0.08876028763330261,0.19673585690648915,0.056048537246641,0.02030744637632137,0.0443867490315587,0.020271699115999832,0.016492859075064217,0.03149011625685966,0.010409377583630995,0.09925005241744086
0.01805870271161858,0.09254737572677783,-0.020976254303661714,0.2049160472441696,0.051565725986402716,0.11035599867496916,0.05934707372083636,0.03435068028700277,0.2108299720301894,0.0658458967089323,0.004372781977584722,0.04760675661630279,0.0014575939925282407,0.0504511688665809,0.06654338236707752,0.004372781977584722,0.08798413954983864
0.027230300642406835,0.09133020770723518,0.07916658490019014,0.20338379424001707,0.11391898051210222,0.04357415337256213,0.06444061787723565,0.03727217737195893,0.21359901015798205,0.07369073386125015,0.021236755369661006,0.032064200928872105,0.05282418360173511,0.035698592934813984,0.05829679977180958,0.0,0.05
0.025463107375578664,0.09603588842828574,0.056886102320573714,0.23761471628193567,0.0780101432761988,0.020346937241675273,0.036940138323429635,0.08902643212257176,0.17369190323973416,0.0943304859466329,0.03394410350978832,0.05791280151991824,0.043198163195842416,0.0791914628465387,0.0,0.005792712495734171,0.05000000000000002
0.024498572580573308,0.09510508338885391,0.047301073930823445,0.2055142970852409,0.12078292604041165,0.05868956312237589,0.029219352597045205,0.03889526654459085,0.16712238650537842,0.050677971434605215,0.0020189526281507333,0.07954833922901758,0.07356220836184474,0.05854985589250754,0.06541888055883112,0.0,0.04999999999999999
0.016442722781301322,0.11106268437779715,-0.03202945470503884,0.2774826609676766,0.11501768700591017,0.049170639395394976,0.08594142696036366,0.04080286098980164,0.15,0.019520554129182147,0.022169518767134876,0.03819797336405715,0.025088791931812966,0.09735901791560855,0.013761450306064137,0.008272945035178858,0.057214473231814146
0.021503741866162995,0.09050157976699194,0.0166156421803307,0.21344660239752072,0.07482245932802599,0.08411899172551285,0.1037736925457004,0.004445817486820975,0.19153417016571078,0.03950176198775475,0.020089357703819803,0.0788919309226587,0.0648697492047687,0.03870053891782574,0.03311249038971472,0.002692437224165868,0.05
0.02408961452215208,0.08978304370892772,0.04554996526304469,0.21148509748041577,0.09322526942118062,0.0123671674412772,0.08743552162963668,0.057863808739347884,0.2224462712086436,0.054028429384862325,0.03284677596328234,0.08211445030227298,0.03126641029359572,0.03138505005557794,0.0025963357346491227,0.03093941234525794,0.05000000000000002
0.02701312649055576,0.0880188370145546,0.0796775636719227,0.19811029565308536,0.11054465202027436,0.028403194578201625,0.08849859029713905,0.038153965835375336,0.18426715409732264,0.06982407161681307,0.07502731191019835,0.040041493767635536,0.05775172872444728,0.026380685616357848,0.026686906797425337,0.00630994908572406,0.05
0.02921506913301486,0.095441026444572,0.0965524939986534,0.1526765140323858,0.15632849270878582,0.03057909050669654,0.093480699868872,0.04688818252890769,0.17484072477321294,0.06004271289882544,0.03329446401807195,0.0494727199311019,0.05602449984031215,0.028770946457897486,0.05778706764951585,0.005353028064771578,0.05446085672064299
0.021493718651316218,0.09119175158375445,0.016379975440479637,0.20330749147777208,0.0619302045605872,0.0930237508642247,0.07899250272304739,0.013439645748676683,0.22035429070374712,0.045734100180229456,0.039027069202847244,0.025142448421438385,0.06910648991167023,0.08901908704209453,0.0,0.010922919163664996,0.05000000000000001
0.015052114429304098,0.09989097993259219,-0.04953285646046124,0.2831855557469451,0.1324933909159898,0.05532488668950972,0.05269222799238885,0.014311343668670139,0.22033646928760528,0.0021370616273572755,0.0,0.06496740590269824,0.05051609686936075,0.035391197782618455,0.008885998447071268,0.029758365069785145,0.05
